ts,station_pk,franchise_pk
2020-10-01T13:18:30Z,766,2
2020-10-01T13:18:30Z,767,2
2020-10-01T13:18:30Z,768,2
2020-10-01T13:18:30Z,769,2
2020-10-01T13:18:30Z,770,2
2020-10-01T13:18:30Z,771,2
2020-10-01T13:18:30Z,772,2
2020-10-01T13:18:30Z,773,2
2020-10-01T13:18:30Z,774,2
2020-10-01T13:18:30Z,775,2
2020-10-01T13:18:30Z,776,2
2020-10-01T13:18:30Z,777,2
2020-10-01T13:18:30Z,778,2
2020-10-01T13:18:30Z,779,2
2020-10-01T13:18:30Z,780,2
2020-10-01T13:18:30Z,781,2
2020-10-01T13:18:30Z,782,2
2020-10-01T13:18:30Z,783,2
2020-10-01T13:18:30Z,784,2
2020-10-01T13:18:30Z,785,2
2020-10-01T13:18:30Z,786,2
2020-10-01T13:18:30Z,787,2
2020-10-01T13:18:30Z,788,2
2020-10-01T13:18:30Z,789,2
2020-10-01T13:18:30Z,790,2
2020-10-01T13:18:30Z,791,2
2020-10-01T13:18:30Z,792,2
2020-10-01T13:18:30Z,793,2
2020-10-01T13:18:30Z,794,2
2020-10-01T13:18:30Z,795,2
2020-10-01T13:18:30Z,796,2
2020-10-01T13:18:30Z,797,2
2020-10-01T13:18:30Z,798,2
2020-10-01T13:18:30Z,799,2
2020-10-01T13:18:30Z,800,2
2020-10-01T13:18:30Z,801,2
2020-10-01T13:18:30Z,802,2
2020-10-01T13:18:30Z,803,2
2020-10-01T13:18:30Z,804,2
2020-10-01T13:18:30Z,805,2
2020-10-01T13:18:30Z,806,2
2020-10-01T13:18:30Z,807,2
2020-10-01T13:18:30Z,808,2
2020-10-01T13:18:30Z,809,2
2020-10-01T13:18:30Z,810,2
2020-10-01T13:18:30Z,811,2
2020-10-01T13:18:30Z,812,2
2020-10-01T13:18:30Z,813,2
2020-10-01T13:18:30Z,814,2
2020-10-01T13:18:30Z,815,2
2020-10-01T13:18:30Z,816,2
2020-10-01T13:18:30Z,817,2
2020-10-01T13:18:30Z,818,2
2020-10-01T13:18:30Z,819,2
2020-10-01T13:18:30Z,820,2
2020-10-01T13:18:30Z,821,2
2020-10-01T13:18:30Z,822,2
2020-10-01T13:18:30Z,823,2
2020-10-01T13:18:30Z,824,2
2020-10-01T13:18:30Z,825,2
2020-10-01T13:18:30Z,826,2
2020-10-01T13:18:30Z,827,2
2020-10-01T13:18:30Z,828,2
2020-10-01T13:18:30Z,829,2
2020-10-01T13:18:30Z,830,2
2020-10-01T13:18:30Z,831,2
2020-10-01T13:18:30Z,832,2
2020-10-01T13:18:30Z,833,2
2020-10-01T13:18:30Z,834,2
2020-10-01T13:18:30Z,835,2
2020-10-01T13:18:30Z,836,2
2020-10-01T13:18:30Z,837,2
2020-10-01T13:18:30Z,838,2
2020-10-01T13:18:30Z,839,2
2020-10-01T13:18:30Z,840,2
2020-10-01T13:18:30Z,841,2
2020-10-01T13:18:30Z,842,2
2020-10-01T13:18:30Z,843,2
2020-10-01T13:18:30Z,844,2
2020-10-01T13:18:30Z,845,2
2020-10-01T13:18:30Z,846,2
2020-10-01T13:18:30Z,847,2
2020-10-01T13:18:30Z,848,2
2020-10-01T13:18:30Z,849,2
2020-10-01T13:18:30Z,850,2
2020-10-01T13:18:30Z,851,2
2020-10-01T13:18:30Z,852,2
2020-10-01T13:18:30Z,853,2
2020-10-01T13:18:30Z,854,2
2020-10-01T13:18:30Z,855,2
2020-10-01T13:18:30Z,856,2
2020-10-01T13:18:30Z,857,2
2020-10-01T13:18:30Z,858,2
2020-10-01T13:18:30Z,859,2
2020-10-01T13:18:30Z,860,2
2020-10-01T13:18:30Z,861,2
2020-10-01T13:18:30Z,862,2
2020-10-01T13:18:30Z,863,2
2020-10-01T13:18:30Z,864,2
2020-10-01T13:18:30Z,865,2
2020-10-01T13:18:30Z,866,2
2020-10-01T13:18:30Z,867,2
2020-10-01T13:18:30Z,868,2
2020-10-01T13:18:30Z,869,2
2020-10-01T13:18:30Z,870,2
2020-10-01T13:18:30Z,871,2
2020-10-01T13:18:30Z,872,2
2020-10-01T13:18:30Z,873,2
2020-10-01T13:18:30Z,874,2
2020-10-01T13:18:30Z,875,2
2020-10-01T13:18:30Z,876,2
2020-10-01T13:18:30Z,1548,4
2020-10-01T13:18:30Z,1549,4
2020-10-01T13:18:30Z,1550,4
2020-10-01T13:18:30Z,1551,4
2020-10-01T13:18:30Z,1552,4
2020-10-01T13:18:30Z,1553,4
2020-10-01T13:18:30Z,1554,4
2020-10-01T13:18:30Z,1555,4
2020-10-01T13:18:30Z,1556,4
2020-10-01T13:18:30Z,1557,4
2020-10-01T13:18:30Z,1558,4
2020-10-01T13:18:30Z,1559,4
2020-10-01T13:18:30Z,1560,4
2020-10-01T13:18:30Z,1561,4
2020-10-01T13:18:30Z,1562,4
2020-10-01T13:18:30Z,1563,4
2020-10-01T13:18:30Z,1564,4
2020-10-01T13:18:30Z,1565,4
2020-10-01T13:18:30Z,1566,4
2020-10-01T13:18:30Z,1567,4
2020-10-01T13:18:30Z,1568,4
2020-10-01T13:18:30Z,1569,4
2020-10-01T13:18:30Z,1570,4
2020-10-01T13:18:30Z,1571,4
2020-10-01T13:18:30Z,1572,4
2020-10-01T13:18:30Z,1573,4
2020-10-01T13:18:30Z,1574,4
2020-10-01T13:18:30Z,1575,4
2020-10-01T13:18:30Z,1576,4
2020-10-01T13:18:30Z,1577,4
2020-10-01T13:18:30Z,1578,4
2020-10-01T13:18:30Z,1579,4
2020-10-01T13:18:30Z,1580,4
2020-10-01T13:18:30Z,1581,4
2020-10-01T13:18:30Z,1582,4
2020-10-01T13:18:30Z,1583,4
2020-10-01T13:18:30Z,1584,4
2020-10-01T13:18:30Z,1585,4
2020-10-01T13:18:30Z,1586,4
2020-10-01T13:18:30Z,1587,4
2020-10-01T13:18:30Z,1588,4
2020-10-01T13:18:30Z,1589,4
2020-10-01T13:18:30Z,1590,4
2020-10-01T13:18:30Z,1591,4
2020-10-01T13:18:30Z,1592,4
2020-10-01T13:18:30Z,1593,4
2020-10-01T13:18:30Z,1921,1
2020-10-01T13:18:30Z,1922,1
2020-10-01T13:18:30Z,1923,1
2020-10-01T13:18:30Z,1924,1
2020-10-01T13:18:30Z,1925,1
2020-10-01T13:18:30Z,1926,1
2020-10-01T13:18:30Z,1927,1
2020-10-01T13:18:30Z,1928,1
2020-10-01T13:18:30Z,1929,1
2020-10-01T13:18:30Z,1930,1
2020-10-01T13:18:30Z,1931,1
2020-10-01T13:18:30Z,1932,1
2020-10-01T13:18:30Z,1933,1
2020-10-01T13:18:30Z,1934,1
2020-10-01T13:18:30Z,1935,1
2020-10-01T13:18:30Z,1936,1
2020-10-01T13:18:30Z,1937,1
2020-10-01T13:18:30Z,1938,1
2020-10-01T13:18:30Z,1939,1
2020-10-01T13:18:30Z,1940,1
2020-10-01T13:18:30Z,1941,1
2020-10-01T13:18:30Z,1942,1
2020-10-01T13:18:30Z,1943,1
2020-10-01T13:18:30Z,1944,1
2020-10-01T13:18:30Z,1945,1
2020-10-01T13:18:30Z,1946,1
2020-10-01T13:18:30Z,1947,1
2020-10-01T13:18:30Z,1948,1
2020-10-01T13:18:30Z,1949,1
2020-10-01T13:18:30Z,1950,1
2020-10-01T13:18:30Z,1951,1
2020-10-01T13:18:30Z,1952,1
2020-10-01T13:18:30Z,1953,1
2020-10-01T13:18:30Z,1954,1
2020-10-01T13:18:30Z,1955,1
2020-10-01T13:18:30Z,1956,1
2020-10-01T13:18:30Z,1957,1
2020-10-01T13:18:30Z,1958,1
2020-10-01T13:18:30Z,1959,1
2020-10-01T13:18:30Z,1960,1
2020-10-01T13:18:30Z,1961,1
2020-10-01T13:18:30Z,1962,1
2020-10-01T13:18:30Z,1963,1
2020-10-01T13:18:30Z,1964,1
2020-10-01T13:18:30Z,1965,1
2020-10-01T13:18:30Z,1966,1
2020-10-01T13:18:30Z,1967,1
2020-10-01T13:18:30Z,1968,1
2020-10-01T13:18:30Z,1969,1
2020-10-01T13:18:30Z,1970,1
2020-10-01T13:18:30Z,1971,1
2020-10-01T13:18:30Z,1972,1
2020-10-01T13:18:30Z,1973,1
2020-10-01T13:18:30Z,1974,1
2020-10-01T13:18:30Z,1975,1
2020-10-01T13:18:30Z,1976,1
2020-10-01T13:18:30Z,1977,1
2020-10-01T13:18:30Z,1978,1
2020-10-01T13:18:30Z,1979,1
2020-10-01T13:18:30Z,1980,1
2020-10-01T13:18:30Z,1981,1
2020-10-01T13:18:30Z,1982,1
2020-10-01T13:18:30Z,1983,1
2020-10-01T13:18:30Z,1984,1
2020-10-01T13:18:30Z,1985,1
2020-10-01T13:18:30Z,1986,1
2020-10-01T13:18:30Z,1987,1
2020-10-01T13:18:30Z,1988,1
2020-10-01T13:18:30Z,1989,1
2020-10-01T13:18:30Z,1990,1
2020-10-01T13:18:30Z,1991,1
2020-10-01T13:18:30Z,1992,1
2020-10-01T13:18:30Z,1993,1
2020-10-01T13:18:30Z,1994,1
2020-10-01T13:18:30Z,1995,1
2020-10-01T13:18:30Z,1996,1
2020-10-01T13:18:30Z,1997,1
2020-10-01T13:18:30Z,1998,1
2020-10-01T13:18:30Z,1999,1
2020-10-01T13:18:30Z,2000,1
2020-10-01T13:18:30Z,2001,1
2020-10-01T13:18:30Z,2002,1
2020-10-01T13:18:30Z,2003,1
2020-10-01T13:18:30Z,2004,1
2020-10-01T13:18:30Z,2005,1
2020-10-01T13:18:30Z,2006,1
2020-10-01T13:18:30Z,2007,1
2020-10-01T13:18:30Z,2008,1
2020-10-01T13:18:30Z,2009,1
2020-10-01T13:18:30Z,2010,1
2020-10-01T13:18:30Z,2011,1
2020-10-01T13:18:30Z,2012,1
2020-10-01T13:18:30Z,2013,1
2020-10-01T13:18:30Z,2014,1
2020-10-01T13:18:30Z,2015,1
2020-10-01T13:18:30Z,2016,1
2020-10-01T13:18:30Z,2017,1
2020-10-01T13:18:30Z,2018,1
2020-10-01T13:18:30Z,2019,1
2020-10-01T13:18:30Z,2020,1
2020-10-01T13:18:30Z,2021,1
2020-10-01T13:18:30Z,2022,1
2020-10-01T13:18:30Z,2023,1
2020-10-01T13:18:30Z,2024,1
2020-10-01T13:18:30Z,2025,1
2020-10-01T13:18:30Z,2026,1
2020-10-01T13:18:30Z,2027,1
2020-10-01T13:18:30Z,2028,1
2020-10-01T13:18:30Z,2029,1
2020-10-01T13:18:30Z,2030,1
2020-10-01T13:18:30Z,2031,1
2020-10-01T13:18:30Z,2032,1
2020-10-01T13:18:30Z,2033,1
2020-10-01T13:18:30Z,2034,1
2020-10-01T13:18:30Z,2035,1
2020-10-01T13:18:30Z,2036,1
2020-10-01T13:18:30Z,2037,1
2020-10-01T13:18:30Z,2038,1
2020-10-01T13:18:30Z,2039,1
2020-10-01T13:18:30Z,2040,1
2020-10-01T13:18:30Z,2041,1
2020-10-01T13:18:30Z,2042,1
2020-10-01T13:18:30Z,2043,1
2020-10-01T13:18:30Z,2044,1
2020-10-01T13:18:30Z,2045,1
2020-10-01T13:18:30Z,2046,1
2020-10-01T13:18:30Z,2047,1
2020-10-01T13:18:30Z,2048,1
2020-10-01T13:18:30Z,2049,1
2020-10-01T13:18:30Z,2050,1
2020-10-01T13:18:30Z,2051,1
2020-10-01T13:18:30Z,2052,1
2020-10-01T13:18:30Z,2053,1
2020-10-01T13:18:30Z,2054,1
2020-10-01T13:18:30Z,2055,1
2020-10-01T13:18:30Z,2056,1
2020-10-01T13:18:30Z,2057,1
2020-10-01T13:18:30Z,2058,1
2020-10-01T13:18:30Z,2059,1
2020-10-01T13:18:30Z,2060,1
2020-10-01T13:18:30Z,2061,1
2020-10-01T13:18:30Z,2062,1
2020-10-01T13:18:30Z,2063,1
2020-10-01T13:18:30Z,2064,1
2020-10-01T13:18:30Z,2065,1
2020-10-01T13:18:30Z,2066,1
2020-10-01T13:18:30Z,2067,1
2020-10-01T13:18:30Z,2068,1
2020-10-01T13:18:30Z,2069,1
2020-10-01T13:18:30Z,2070,1
2020-10-01T13:18:30Z,2071,1
2020-10-01T13:18:30Z,2072,1
2020-10-01T13:18:30Z,2073,1
2020-10-01T13:18:30Z,2074,1
2020-10-01T13:18:30Z,2075,1
2020-10-01T13:18:30Z,2076,1
2020-10-01T13:18:30Z,2077,1
2020-10-01T13:18:30Z,2078,1
2020-10-01T13:18:30Z,2079,1
2020-10-01T13:18:30Z,2080,1
2020-10-01T13:18:30Z,2081,1
2020-10-01T13:18:30Z,2082,1
2020-10-01T13:18:30Z,2083,1
2020-10-01T13:18:30Z,2084,1
2020-10-01T13:18:30Z,2085,1
2020-10-01T13:18:30Z,2086,1
2020-10-01T13:18:30Z,2087,1
2020-10-01T13:18:30Z,2088,1
2020-10-01T13:18:30Z,2089,1
2020-10-01T13:18:30Z,2090,1
2020-10-01T13:18:30Z,2091,1
2020-10-01T13:18:30Z,2092,1
2020-10-01T13:18:30Z,2093,1
2020-10-01T13:18:30Z,2094,1
2020-10-01T13:18:30Z,2095,1
2020-10-01T13:18:30Z,2096,1
2020-10-01T13:18:30Z,2097,1
2020-10-01T13:18:30Z,2098,1
2020-10-01T13:18:30Z,2099,1
2020-10-01T13:18:30Z,2100,1
2020-10-01T13:18:30Z,2101,1
2020-10-01T13:18:30Z,2102,1
2020-10-01T13:18:30Z,2103,1
2020-10-01T13:18:30Z,2104,1
2020-10-01T13:18:30Z,2105,1
2020-10-01T13:18:30Z,2106,1
2020-10-01T13:18:30Z,2107,1
2020-10-01T13:18:30Z,2108,1
2020-10-01T13:18:30Z,2109,1
2020-10-01T13:18:30Z,2110,1
2020-10-01T13:18:30Z,2111,1
2020-10-01T13:18:30Z,2112,1
2020-10-01T13:18:30Z,2113,1
2020-10-01T13:18:30Z,2114,1
2020-10-01T13:18:30Z,2115,1
2020-10-01T13:18:30Z,2116,1
2020-10-01T13:18:30Z,2117,1
2020-10-01T13:18:30Z,2118,1
2020-10-01T13:18:30Z,2119,1
2020-10-01T13:18:30Z,2120,1
2020-10-01T13:18:30Z,2121,1
2020-10-01T13:18:30Z,2122,1
2020-10-01T13:18:30Z,2123,1
2020-10-01T13:18:30Z,2124,1
2020-10-01T13:18:30Z,2125,1
2020-10-01T13:18:30Z,2126,1
2020-10-01T13:18:30Z,2127,1
2020-10-01T13:18:30Z,2128,1
2020-10-01T13:18:30Z,2129,1
2020-10-01T13:18:30Z,2130,1
2020-10-01T13:18:30Z,2131,1
2020-10-01T13:18:30Z,2132,1
2020-10-01T13:18:30Z,2133,1
2020-10-01T13:18:30Z,2134,1
2020-10-01T13:18:30Z,2135,1
2020-10-01T13:18:30Z,2136,1
2020-10-01T13:18:30Z,2137,1
2020-10-01T13:18:30Z,2138,1
2020-10-01T13:18:30Z,2139,1
2020-10-01T13:18:30Z,2140,1
2020-10-01T13:18:30Z,2141,1
2020-10-01T13:18:30Z,2142,1
2020-10-01T13:18:30Z,2143,1
2020-10-01T13:18:30Z,2144,1
2020-10-01T13:18:30Z,2145,1
2020-10-01T13:18:30Z,2146,1
2020-10-01T13:18:30Z,2147,1
2020-10-01T13:18:30Z,2148,1
2020-10-01T13:18:30Z,2149,1
2020-10-01T13:18:30Z,2150,1
2020-10-01T13:18:30Z,2151,1
2020-10-01T13:18:30Z,2152,1
2020-10-01T13:18:30Z,2153,1
2020-10-01T13:18:30Z,2154,1
2020-10-01T13:18:30Z,2155,1
2020-10-01T13:18:30Z,2156,1
2020-10-01T13:18:30Z,2157,1
2020-10-01T13:18:30Z,2158,1
2020-10-01T13:18:30Z,2159,1
2020-10-01T13:18:30Z,2160,1
2020-10-01T13:18:30Z,2161,1
2020-10-01T13:18:30Z,2162,1
2020-10-01T13:18:30Z,2163,1
2020-10-01T13:18:30Z,2164,1
2020-10-01T13:18:30Z,2165,1
2020-10-01T13:18:30Z,2166,1
2020-10-01T13:18:30Z,2167,1
2020-10-01T13:18:30Z,2168,1
2020-10-01T13:18:30Z,2169,1
2020-10-01T13:18:30Z,2170,1
2020-10-01T13:18:30Z,2171,1
2020-10-01T13:18:30Z,2172,1
2020-10-01T13:18:30Z,2173,1
2020-10-01T13:18:30Z,2174,1
2020-10-01T13:18:30Z,2175,1
2020-10-01T13:18:30Z,2176,1
2020-10-01T13:18:30Z,2177,1
2020-10-01T13:18:30Z,2178,1
2020-10-01T13:18:30Z,2179,1
2020-10-01T13:18:30Z,2180,1
2020-10-01T13:18:30Z,2181,1
2020-10-01T13:18:30Z,2182,1
2020-10-01T13:18:30Z,2183,1
2020-10-01T13:18:30Z,2184,1
2020-10-01T13:18:30Z,2185,1
2020-10-01T13:18:30Z,2186,1
2020-10-01T13:18:30Z,2187,1
2020-10-01T13:18:30Z,2188,1
2020-10-01T13:18:30Z,2189,1
2020-10-01T13:18:30Z,2190,1
2020-10-01T13:18:30Z,2191,1
2020-10-01T13:18:30Z,2192,1
2020-10-01T13:18:30Z,2193,1
2020-10-01T13:18:30Z,2194,1
2020-10-01T13:18:30Z,2195,1
2020-10-01T13:18:30Z,2196,1
2020-10-01T13:18:30Z,2197,1
2020-10-01T13:18:30Z,2198,1
2020-10-01T13:18:30Z,2199,1
2020-10-01T13:18:30Z,2200,1
2020-10-01T13:18:30Z,2201,1
2020-10-01T13:18:30Z,2202,1
2020-10-01T13:18:30Z,2203,1
2020-10-01T13:18:30Z,2204,1
2020-10-01T13:18:30Z,2205,1
2020-10-01T13:18:30Z,2206,1
2020-10-01T13:18:30Z,2207,1
2020-10-01T13:18:30Z,2208,1
2020-10-01T13:18:30Z,2209,1
2020-10-01T13:18:30Z,2210,1
2020-10-01T13:18:30Z,2211,1
2020-10-01T13:18:30Z,2212,1
2020-10-01T13:18:30Z,2213,1
2020-10-01T13:18:30Z,2214,1
2020-10-01T13:18:30Z,2215,1
2020-10-01T13:18:30Z,2216,1
2020-10-01T13:18:30Z,2217,1
2020-10-01T13:18:30Z,2218,1
2020-10-01T13:18:30Z,2219,1
2020-10-01T13:18:30Z,2220,1
2020-10-01T13:18:30Z,2221,1
2020-10-01T13:18:30Z,2222,1
2020-10-01T13:18:30Z,2223,1
2020-10-01T13:18:30Z,2224,1
2020-10-01T13:18:30Z,2225,1
2020-10-01T13:18:30Z,2226,1
2020-10-01T13:18:30Z,2227,1
2020-10-01T13:18:30Z,2228,1
2020-10-01T13:18:30Z,2229,1
2020-10-01T13:18:30Z,2230,1
2020-10-01T13:18:30Z,2231,1
2020-10-01T13:18:30Z,2232,1
2020-10-01T13:18:30Z,2233,1
2020-10-01T13:18:30Z,2234,4
2020-10-01T13:18:30Z,2235,4
2020-10-01T13:18:30Z,2236,2
2020-10-01T13:18:30Z,2237,3
2020-10-01T13:18:30Z,2238,3
2020-10-01T13:18:30Z,2239,3
2020-10-01T13:18:30Z,2240,3
2020-10-01T13:18:30Z,2241,3
2020-10-01T13:18:30Z,2242,3
2020-10-01T13:18:30Z,2243,3
2020-10-01T13:18:30Z,2244,3
2020-10-01T13:18:30Z,2245,3
2020-10-01T13:18:30Z,2246,3
2020-10-01T13:18:30Z,2247,3
2020-10-01T13:18:30Z,2248,3
2020-10-01T13:18:30Z,2249,3
2020-10-01T13:18:30Z,2250,3
2020-10-01T13:18:30Z,2251,3
2020-10-01T13:18:30Z,2252,3
2020-10-01T13:18:30Z,2253,3
2020-10-01T13:18:30Z,2254,3
2020-10-01T13:18:30Z,2255,3
2020-10-01T13:18:30Z,2256,3
2020-10-01T13:18:30Z,2257,3
2020-10-01T13:18:30Z,2258,5
2020-10-01T13:18:30Z,2259,5
2020-10-01T13:18:30Z,2260,5
2020-10-01T13:18:30Z,2261,5
2020-10-01T13:18:30Z,2262,5
2020-10-01T13:18:30Z,2263,5
2020-10-01T13:18:30Z,2264,5
2020-10-01T13:18:30Z,2265,5
2020-10-01T13:18:30Z,2266,5
2020-10-01T13:18:30Z,2267,6
2020-10-01T13:18:30Z,2268,9
2020-10-01T13:18:30Z,2269,10
2020-10-01T13:18:30Z,2270,10
2020-10-01T13:18:30Z,2271,2
2020-10-01T13:18:30Z,2272,1
2020-10-01T13:18:30Z,2273,11
2020-10-01T13:18:30Z,2274,11
2020-10-01T13:18:30Z,2275,11
2020-10-01T13:18:30Z,2276,11
2020-10-01T13:18:30Z,2283,4
2020-10-01T13:18:30Z,2284,4
2020-10-01T13:18:30Z,2285,4
2020-10-01T13:18:30Z,2286,4
2020-10-01T13:18:30Z,2287,4
2020-10-01T13:18:30Z,2288,13
2020-10-01T13:18:30Z,2289,13
2020-10-01T13:18:30Z,2290,13
2020-10-01T13:18:30Z,2291,13
2020-10-01T13:18:30Z,2292,13
2020-10-01T13:18:30Z,2293,13
2020-10-01T13:18:30Z,2294,13
2020-10-01T13:18:30Z,2295,13
2020-10-01T13:18:30Z,2296,15
2020-10-01T13:18:30Z,2297,16
2020-10-01T13:18:30Z,2299,16
2020-10-01T13:18:30Z,2302,7
2020-10-01T13:18:30Z,2303,7
2020-10-01T13:18:30Z,2304,7
2020-10-01T13:18:30Z,2305,7
2020-10-01T13:18:30Z,2306,7
2020-10-01T13:18:30Z,2307,7
2020-10-01T13:18:30Z,2308,7
2020-10-01T13:18:30Z,2309,7
2020-10-01T13:18:30Z,2310,7
2020-10-02T06:29:55Z,2311,18
2020-10-02T09:26:38Z,2312,17
2020-10-06T08:29:38Z,2313,14
2020-10-07T14:28:02Z,2302,19
2020-10-07T14:28:02Z,2303,19
2020-10-07T14:28:02Z,2304,19
2020-10-07T14:28:02Z,2305,19
2020-10-07T14:28:02Z,2306,19
2020-10-07T14:28:02Z,2307,19
2020-10-15T10:29:19Z,2314,22
2020-10-15T10:29:19Z,2315,21
2020-10-21T06:34:22Z,2316,23
2020-10-21T06:34:22Z,2317,23
2020-10-22T06:34:35Z,2318,24
2020-10-29T19:19:24Z,2319,26
2020-11-04T07:22:45Z,2320,25
2020-12-02T09:29:41Z,2321,29
2020-12-29T15:43:30Z,2322,27
2021-03-01T08:38:29Z,2313,17
2021-05-10T12:51:30Z,2323,2
2021-05-18T08:13:12Z,2291,2
2021-05-18T10:10:31Z,2291,13
2021-09-02T08:37:53Z,2324,19
2022-03-22T11:27:19Z,2325,12
2022-04-05T06:39:18Z,2326,30
2022-12-07T10:31:39Z,2327,15
2023-01-17T14:27:26Z,2328,19
2023-03-28T13:31:56Z,2329,31
2023-06-07T22:27:11Z,2332,4
2023-08-01T06:30:49Z,2308,19
2023-08-01T06:30:49Z,2309,19
2023-08-01T06:30:49Z,2310,19
2023-10-23T22:27:34Z,2334,5
2023-10-23T22:27:34Z,2335,5
2023-11-06T23:23:39Z,2336,5
2023-11-13T14:28:12Z,2337,5
2023-11-14T08:28:31Z,2338,5
2023-12-01T10:31:00Z,2339,5
2023-12-04T23:24:52Z,2340,5
2023-12-06T11:22:54Z,2341,5
2023-12-11T11:23:26Z,2343,5
2023-12-11T12:45:03Z,2346,5
2023-12-12T12:44:09Z,2344,5
2023-12-12T12:44:09Z,2345,5
2023-12-14T15:26:05Z,2342,5
2023-12-18T16:32:46Z,2348,5
2023-12-19T11:22:45Z,811,4
2024-01-03T23:25:52Z,2347,5
2024-01-12T09:25:03Z,805,5
2024-01-15T10:32:00Z,2313,14
2024-01-16T09:24:46Z,842,4
2024-01-22T06:32:01Z,2350,5
2024-01-23T15:26:26Z,808,4
2024-01-23T15:26:26Z,831,5
2024-01-24T10:31:38Z,768,5
2024-01-29T11:22:35Z,2349,5
2024-01-29T23:25:17Z,2351,5
2024-01-31T09:22:59Z,833,4
2024-02-07T10:28:46Z,2330,31
2024-02-07T10:28:46Z,2331,11
2024-02-07T10:28:46Z,2333,32
2024-02-12T13:25:54Z,2352,5
2024-02-14T10:29:08Z,2353,5
2024-02-14T10:29:08Z,2354,5
2024-02-21T14:26:29Z,773,4
2024-02-21T14:26:29Z,815,4
2024-02-21T14:26:29Z,853,4
2024-02-21T14:26:29Z,2355,5
2024-02-26T15:24:42Z,2356,5
2024-03-01T10:28:57Z,2362,5
2024-03-01T10:28:57Z,2363,5
2024-03-05T11:22:38Z,2358,5
2024-03-07T13:23:35Z,777,4
2024-03-07T13:23:35Z,816,4
2024-03-07T13:23:35Z,821,4
2024-03-07T13:23:35Z,855,4
2024-03-07T13:23:35Z,857,4
2024-03-07T13:23:35Z,863,4
2024-03-07T13:23:35Z,2236,4
2024-03-07T13:23:35Z,2271,4
2024-03-07T13:23:35Z,2357,5
2024-03-08T11:23:17Z,2359,5
2024-03-08T11:23:17Z,2360,5
2024-03-14T11:22:56Z,2361,5
2024-03-22T07:22:34Z,781,4
2024-03-22T07:22:34Z,782,4
2024-03-22T07:22:34Z,793,4
2024-03-22T07:22:34Z,804,4
2024-03-22T07:22:34Z,807,4
2024-03-22T07:22:34Z,823,4
2024-03-22T07:22:34Z,836,4
2024-03-22T07:22:34Z,864,4
2024-03-27T09:24:41Z,2364,5
2024-03-27T09:24:41Z,2365,5
2024-03-27T09:24:41Z,2366,5
2024-03-27T09:24:41Z,2367,5
2024-03-27T15:24:50Z,797,4
2024-03-27T15:24:50Z,828,4
2024-03-27T15:24:50Z,841,4
2024-03-27T15:24:50Z,856,4
2024-04-22T14:28:00Z,2368,5
2024-04-22T14:28:00Z,2369,5
2024-04-22T22:29:39Z,2370,5
2024-04-22T22:29:39Z,2371,5
2024-04-22T22:29:39Z,2372,5
2024-04-23T09:24:04Z,776,4
2024-04-23T09:24:04Z,800,4
2024-04-23T09:24:04Z,806,4
2024-04-23T09:24:04Z,812,4
2024-04-23T09:24:04Z,832,4
2024-04-23T09:24:04Z,851,4
2024-04-23T09:24:04Z,854,4
2024-04-23T09:24:04Z,862,4
2024-04-23T09:24:04Z,867,4
2024-04-23T09:24:04Z,870,4
2024-04-23T09:24:04Z,873,4
2024-04-23T09:24:04Z,874,4
2024-04-25T09:24:37Z,794,4
2024-04-25T09:24:37Z,809,4
2024-04-25T09:24:37Z,871,4
2024-05-09T10:30:37Z,779,4
2024-05-09T10:30:37Z,835,4
2024-05-09T10:30:37Z,846,4
2024-05-09T10:30:37Z,852,4
2024-05-17T08:29:11Z,790,4
2024-05-17T08:29:11Z,791,4
2024-05-17T08:29:11Z,796,4
2024-05-17T08:29:11Z,844,4
2024-05-17T11:22:35Z,2374,4
2024-05-22T09:27:44Z,2373,4
2024-05-23T11:23:06Z,837,4
2024-05-23T11:23:06Z,845,4
2024-05-23T11:23:06Z,847,4
2024-05-23T11:23:06Z,848,4
2024-05-30T12:44:27Z,780,4
2024-05-30T12:44:27Z,817,4
2024-05-30T12:44:27Z,824,4
2024-05-30T12:44:27Z,861,4
2024-06-07T10:30:58Z,769,4
2024-06-07T10:30:58Z,813,4
2024-06-07T10:30:58Z,826,4
2024-06-07T10:30:58Z,858,4
2024-06-13T09:27:31Z,778,4
2024-06-13T09:27:31Z,814,4
2024-06-13T09:27:31Z,849,4
2024-06-13T09:27:31Z,865,4
2024-06-18T08:31:13Z,775,4
2024-06-18T08:31:13Z,798,4
2024-06-18T08:31:13Z,818,4
2024-06-18T08:31:13Z,838,4
2024-06-18T08:31:13Z,839,4
2024-06-18T08:31:13Z,840,4
2024-07-05T09:28:17Z,771,4
2024-07-05T09:28:17Z,774,4
2024-07-05T09:28:17Z,789,4
2024-07-05T09:28:17Z,859,4
2024-07-10T09:26:54Z,802,4
2024-07-10T09:26:54Z,820,4
2024-07-10T09:26:54Z,866,4
2024-07-10T09:26:54Z,875,4
2024-07-18T08:30:57Z,810,4
2024-07-18T08:30:57Z,819,4
2024-07-18T08:30:57Z,872,4
2024-07-18T08:30:57Z,2323,4
2024-07-25T08:32:00Z,783,4
2024-07-25T08:32:00Z,834,4
2024-07-25T08:32:00Z,869,4
2024-09-27T10:34:39Z,2306,33
2024-11-27T14:34:35Z,2295,4
2024-11-29T13:36:48Z,2288,4
2024-12-03T12:55:52Z,2291,4
2024-12-05T09:32:23Z,2292,4
2024-12-05T09:32:23Z,2294,4
2024-12-11T10:38:17Z,786,4
2024-12-11T10:38:17Z,2290,4
2024-12-11T10:38:17Z,2293,4
2024-12-12T09:32:20Z,2289,4
2024-12-18T09:31:09Z,784,4
2024-12-18T09:31:09Z,785,4
2024-12-18T09:31:09Z,788,4
2025-10-17T10:35:17Z,774,2
2025-11-03T13:42:34Z,870,2
2025-11-13T04:40:37Z,2378,1
2025-11-17T08:44:10Z,863,2
2025-11-17T08:44:10Z,2374,2
2025-11-18T10:40:32Z,771,2
2025-11-18T10:40:32Z,780,2
2025-11-19T09:35:02Z,802,2
2025-11-19T09:35:02Z,862,2
2025-11-19T09:35:02Z,869,2
2025-11-19T09:35:02Z,875,2
2025-11-20T09:33:32Z,817,2
2025-11-20T09:33:32Z,834,2
2025-11-20T09:33:32Z,849,2
2025-11-20T09:33:32Z,872,2
2025-11-24T08:44:26Z,857,2
2025-11-24T09:39:37Z,807,2
2025-11-24T09:39:37Z,838,2
2025-11-24T09:39:37Z,873,2
2025-11-25T08:43:29Z,783,2
2025-11-25T08:43:29Z,836,2
2025-11-25T08:43:29Z,865,2
2025-11-25T08:43:29Z,2236,2
2025-11-26T08:43:06Z,812,2
2025-11-26T08:43:06Z,832,2
2025-11-26T08:43:06Z,845,2
2025-11-26T08:43:06Z,2373,2
2025-11-27T08:43:41Z,778,2
2025-11-27T08:43:41Z,852,2
2025-11-27T08:43:41Z,856,2
2025-11-27T08:43:41Z,867,2
2025-12-01T08:46:42Z,810,2
2025-12-01T08:46:42Z,811,2
2025-12-01T08:46:42Z,816,2
2025-12-01T08:46:42Z,855,2
2025-12-02T08:46:05Z,794,2
2025-12-02T08:46:05Z,820,2
2025-12-02T08:46:05Z,839,2
2025-12-02T08:46:05Z,859,2
2025-12-03T07:33:41Z,793,2
2025-12-03T07:33:41Z,819,2
2025-12-03T07:33:41Z,840,2
2025-12-03T07:33:41Z,866,2
2025-12-04T08:45:04Z,777,2
2025-12-04T08:45:04Z,813,2
2025-12-04T08:45:04Z,826,2
2025-12-04T08:45:04Z,847,2
2025-12-08T08:46:44Z,806,2
2025-12-08T08:46:44Z,809,2
2025-12-08T08:46:44Z,846,2
2025-12-08T08:46:44Z,858,2
2025-12-09T08:45:36Z,797,2
2025-12-09T08:45:36Z,823,2
2025-12-09T08:45:36Z,844,2
2025-12-09T08:45:36Z,2271,2
2025-12-10T08:45:01Z,782,2
2025-12-10T08:45:01Z,796,2
2025-12-10T08:45:01Z,841,2
2025-12-10T08:45:01Z,861,2
2025-12-11T08:45:37Z,808,2
2025-12-11T08:45:37Z,815,2
2025-12-11T08:45:37Z,824,2
2025-12-11T08:45:37Z,837,2
2025-12-15T08:48:19Z,773,2
2025-12-15T08:48:19Z,776,2
2025-12-15T08:48:19Z,798,2
2025-12-15T08:48:19Z,800,2
2025-12-15T08:48:19Z,871,2
2025-12-16T08:46:54Z,781,2
2025-12-16T08:46:54Z,818,2
2025-12-16T08:46:54Z,848,2
2025-12-16T08:46:54Z,851,2
2025-12-16T08:46:54Z,864,2
2025-12-17T08:46:34Z,775,2
2025-12-17T08:46:34Z,789,2
2025-12-17T08:46:34Z,804,2
2025-12-17T08:46:34Z,828,2
2025-12-17T08:46:34Z,854,2
2025-12-18T08:45:55Z,779,2
2025-12-18T08:45:55Z,814,2
2025-12-18T08:45:55Z,835,2
2025-12-18T08:45:55Z,842,2
2025-12-18T08:45:55Z,853,2
2026-01-07T08:47:27Z,788,2
2026-01-07T08:47:27Z,1548,2
2026-01-07T08:47:27Z,1554,2
2026-01-07T08:47:27Z,1560,2
2026-01-07T08:47:27Z,1564,2
2026-01-08T08:47:18Z,769,2
2026-01-08T08:47:18Z,1563,2
2026-01-08T08:47:18Z,2235,2
2026-01-08T08:47:18Z,2290,2
2026-01-08T08:47:18Z,2332,2
2026-01-12T08:49:15Z,785,2
2026-01-12T08:49:15Z,786,2
2026-01-12T08:49:15Z,1571,2
2026-01-12T08:49:15Z,1592,2
2026-01-12T08:49:15Z,2293,2
2026-01-13T08:48:07Z,784,2
2026-01-13T08:48:07Z,790,2
2026-01-13T08:48:07Z,1568,2
2026-01-13T08:48:07Z,2234,2
2026-01-13T08:48:07Z,2288,2
2026-01-14T08:54:06Z,791,2
2026-01-14T08:54:06Z,1553,2
2026-01-14T08:54:06Z,1555,2
2026-01-14T08:54:06Z,2283,2
2026-01-14T08:54:06Z,2289,2
2026-01-15T08:47:18Z,1559,2
2026-01-15T08:47:18Z,1576,2
2026-01-15T08:47:18Z,1587,2
2026-01-15T08:47:18Z,1591,2
2026-01-15T08:47:18Z,2294,2
2026-01-19T08:50:12Z,1557,2
2026-01-19T08:50:12Z,1579,2
2026-01-19T08:50:12Z,1590,2
2026-01-19T08:50:12Z,2286,2
2026-01-19T08:50:12Z,2291,2
2026-01-20T08:50:31Z,874,2
2026-01-20T08:50:31Z,1556,2
2026-01-20T08:50:31Z,1561,2
2026-01-20T08:50:31Z,1575,2
2026-01-20T08:50:31Z,2285,2
2026-01-21T08:48:47Z,1552,2
2026-01-21T08:48:47Z,1572,2
2026-01-21T08:48:47Z,2284,2
2026-01-21T08:48:47Z,2292,2
2026-01-22T09:47:10Z,1567,2
2026-01-22T09:47:10Z,1580,2
2026-01-22T09:47:10Z,1581,2
2026-01-22T09:47:10Z,1593,2
2026-01-22T09:47:10Z,2323,2
2026-01-23T09:45:13Z,2287,2
2026-01-23T10:45:33Z,2295,2
