pk,franchise_pk,name,address,zip_code,lat,lng,first_seen,last_seen
766,2,BS MOL AJŠEVICA,Loke 40,5000,45.95337,13.69157,2020-10-01T13:18:30Z,2024-03-27T09:24:41Z
767,2,BS MOL BENEDIKT,Radgonska c. 15,2234,46.61068,15.89416,2020-10-01T13:18:30Z,2024-02-13T12:39:19Z
768,5,BS BERTOKI,C.med vinogradi 52,6000,45.555358,13.78105,2020-10-01T13:18:30Z,2024-01-31T09:22:59Z
769,2,BS MOL BRESTOVICA,Brestovica 116b,6223,45.81302,13.62228,2020-10-01T13:18:30Z,
770,2,BS MOL BREZOVICA,Tržaška c. 565,1351,46.022535,14.407636,2020-10-01T13:18:30Z,2024-02-21T13:24:09Z
771,2,BS MOL BREŽICE,C.Svobode 35,8250,45.913737,15.595365,2020-10-01T13:18:30Z,
772,2,BS MOL CELJE AERO,Dečkova c. 39,3000,46.24062,15.25644,2020-10-01T13:18:30Z,2024-02-01T23:22:53Z
773,2,BS MOL CELJE MARIBORSKA JUG,Mariborska c. 84,3000,46.23923,15.27456,2020-10-01T13:18:30Z,
774,2,BS MOL CELJE LJUBLJANSKA,Ljubljanska cesta 110,3000,46.238118,15.235194,2020-10-01T13:18:30Z,
775,2,BS MOL ČRNOMELJ,Belokranjska c. 18a,8340,45.57995,15.19583,2020-10-01T13:18:30Z,
776,2,BS MOL DIVAČA,Kolodvorska 1,6215,45.681494,13.968687,2020-10-01T13:18:30Z,
777,2,BS MOL DOBRENJE VZHOD,Sp.Dobrenje 41a,2211,46.605931,15.663342,2020-10-01T13:18:30Z,
778,2,BS MOL DOBRENJE ZAHOD,Sp.Dobrenje 41d,2211,46.609699,15.662384,2020-10-01T13:18:30Z,
779,2,BS MOL DOL PRI LJUBLJANI,Podgora pri Dolskem 40,1262,46.090168,14.650805,2020-10-01T13:18:30Z,
780,2,BS MOL DRAVOGRAD,Koroška c. 49,2370,46.59033,15.01542,2020-10-01T13:18:30Z,
781,2,BS MOL DRAVSKO POLJE JUG,Gerečja vas 1h,2288,46.428962,15.794118,2020-10-01T13:18:30Z,
782,2,BS MOL DRAVSKO POLJE SEVER,Gerečja vas 1g,2288,46.428104,15.796613,2020-10-01T13:18:30Z,
783,2,BS MOL DUTOVLJE,Dutovlje 3b,6221,45.755992,13.835896,2020-10-01T13:18:30Z,
784,2,BS MOL TRUCK SEŽANA,Partizanska 77,6210,45.70387478,13.8514001,2020-10-01T13:18:30Z,
785,2,BS MOL TRUCK LENDAVA,Trimlini 65b,9220,46.54818511,16.44478697,2020-10-01T13:18:30Z,
786,2,BS MOL TRUCK MARIBOR,Tržaška c. 53a,2000,46.52543955,15.65123783,2020-10-01T13:18:30Z,
787,2,ET RAKA,Smednik 12a,8274,45.90779511,15.37201979,2020-10-01T13:18:30Z,2021-01-18T10:10:33Z
788,2,BS MOL TRUCK VRTOJBA,Polje 10,5290,45.92082361,13.63360622,2020-10-01T13:18:30Z,
789,2,BS MOL FERNETIČI,Partizanska c. 151,6210,45.701768,13.841505,2020-10-01T13:18:30Z,
790,2,BS MOL FERNETIČI JUG,Partizanska c. 98,6210,45.704437,13.846496,2020-10-01T13:18:30Z,
791,2,BS MOL FERNETIČI SEVER,Partizanska c. 130,6210,45.70492,13.84554,2020-10-01T13:18:30Z,
792,2,BS MOL GEDEROVCI,Gederovci 17a,9251,46.67921,16.056079,2020-10-01T13:18:30Z,2024-03-06T11:22:45Z
793,2,BS MOL GRABONOŠ,Grabonoš 4c,9244,46.584129,16.008947,2020-10-01T13:18:30Z,
794,2,BS MOL GRAČIŠČE,Gračišče 4a,6272,45.501301,13.873635,2020-10-01T13:18:30Z,
795,2,OMV GROSUPLJE,Ljubljanska c. 62,1290,45.967972,14.660767,2020-10-01T13:18:30Z,2021-09-01T07:32:49Z
796,2,BS MOL GROSUPLJE CIKAVA,Ljubljanska cesta 129,1290,45.9730555555556,14.625555555555556,2020-10-01T13:18:30Z,
797,2,BS MOL ILIRSKA BISTRICA,Bazoviška 45,6250,45.559604,14.244346,2020-10-01T13:18:30Z,
798,2,BS MOL IZOLA,Prešernova cesta 1a,6310,45.53687,13.66795,2020-10-01T13:18:30Z,
799,2,BS MOL IZOLA SEVER,Prešernova 2a,6310,45.537905,13.668631,2020-10-01T13:18:30Z,2024-03-21T23:26:14Z
800,2,BS MOL KAMNIK,Perovo 32,1240,46.208865,14.606844,2020-10-01T13:18:30Z,
801,2,BS MOL KOČEVJE GORNJE LOŽINE,Gornje Ložine 1a,1332,45.689289,14.7997,2020-10-01T13:18:30Z,2024-03-06T11:22:45Z
802,2,BS MOL KOMEN,Komen 119a,6223,45.816868,13.745429,2020-10-01T13:18:30Z,
803,2,BS MOL KOMENDA,Potok pri Komendi 8,1218,46.205702,14.52399,2020-10-01T13:18:30Z,2024-03-06T11:22:45Z
804,2,BS MOL KOPER BONIFIKA,Istrska cesta 14,6000,45.5404,13.7263,2020-10-01T13:18:30Z,
805,5,BS SHELL KOPER SEMEDELA,Istrska cesta 53,6000,45.538903,13.728619,2020-10-01T13:18:30Z,2024-01-30T15:24:58Z
806,2,BS MOL KOPER ANKARANSKA,Ankaranska c. 5d,6000,45.545957,13.742681,2020-10-01T13:18:30Z,
807,2,BS MOL KOPER ŠMARSKA,Šmarska c. 4a,6000,45.530207,13.734777,2020-10-01T13:18:30Z,
808,2,BS MOL KOZINA,Mestni trg 7,6240,45.60807,13.93501,2020-10-01T13:18:30Z,
809,2,BS MOL KRANJ PRIMSKOVO,Cesta Staneta Žagarja 53c,4000,46.24277,14.371453,2020-10-01T13:18:30Z,
810,2,BS MOL KRŠKO,C.Krških žrtev 131a,8270,45.94429,15.48733,2020-10-01T13:18:30Z,
811,2,BS MOL KRVAVI POTOK,Krvavi potok 1,6240,45.61885,13.910126,2020-10-01T13:18:30Z,
812,2,BS MOL LAZARET,Jadranska c. 1,6280,45.59283,13.72411,2020-10-01T13:18:30Z,
813,2,BS MOL LESCE,Hraška c. 17,4248,46.365369,14.16032,2020-10-01T13:18:30Z,
814,2,BS MOL LIPOVCI,Lipovci 243b,9231,46.625125,16.214332,2020-10-01T13:18:30Z,
815,2,BS MOL LITIJA,Zasavska c. 1,1270,46.058713,14.832858,2020-10-01T13:18:30Z,
816,2,BS MOL LJUBLJANA LETALIŠKA,Letališka c. 33b,1000,46.062474,14.570349,2020-10-01T13:18:30Z,
817,2,BS MOL LJUBLJANA LITIJSKA,Litijska c. 40,1000,46.047401,14.546097,2020-10-01T13:18:30Z,
818,2,BS MOL LJUBLJANA CELOVŠKA,Celovška c. 455,1210,46.09891,14.460958,2020-10-01T13:18:30Z,
819,2,BS MOL LJUBLJANA ZALOŠKA JUG,Zaloška 158,1000,46.05628,14.562775,2020-10-01T13:18:30Z,
820,2,BS MOL LJUBLJANA ZALOŠKA SEVER,Zaloška 157,1000,46.056444,14.55814,2020-10-01T13:18:30Z,
821,4,BS MOL LJUTOMER,Kolodvorska 7a,9240,46.5289,16.19006,2020-10-01T13:18:30Z,2024-03-13T12:40:53Z
822,2,BS MOL LOKEV,Lokev 1a,6219,45.66133,13.91942,2020-10-01T13:18:30Z,2024-03-06T11:22:45Z
823,2,BS MOL LOPATA JUG,Lopata 80,3000,46.261718,15.22071,2020-10-01T13:18:30Z,
824,2,BS MOL MARINA PORTOROŽ,Seča 188,6320,45.50526,13.59658,2020-10-01T13:18:30Z,
825,2,BS MOL LUCIJA VZHOD,Vinjole 29b,6320,45.50069,13.61044,2020-10-01T13:18:30Z,2024-03-21T23:26:14Z
826,2,BS MOL LUCIJA,Seča 188 a,6320,45.50043,13.61022,2020-10-01T13:18:30Z,
827,2,OMV LUKA,Vojkovo nabrežje 38,6000,45.554681,13.744175,2020-10-01T13:18:30Z,2021-05-25T06:57:00Z
828,2,BS MOL LUKOVICA,Koseskega cesta 4,1225,46.16606,14.6896,2020-10-01T13:18:30Z,
829,2,BS MOL MARIBOR BOHOVA,Tržaška c. 83,2000,46.51809,15.65131,2020-10-01T13:18:30Z,2024-03-21T23:26:14Z
830,2,BS MOL MARIBOR PTUJSKA VZHOD,Ptujska cesta 225,2000,46.522349,15.679883,2020-10-01T13:18:30Z,2024-02-21T13:24:09Z
831,5,BS MOL MARIBOR PTUJSKA ZAHOD,Ptujska cesta 104,2000,46.53485,15.66165,2020-10-01T13:18:30Z,2024-01-31T09:22:59Z
832,2,BS MOL MARINA KOPER,Kopališko nabrežje 5,6000,45.55049,13.72786,2020-10-01T13:18:30Z,
833,4,BS MOL MURSKA SOBOTA LENDAVSKA,Lendavska 60d,9000,46.66673,16.17698,2020-10-01T13:18:30Z,2024-02-06T23:23:37Z
834,2,BS MOL NOVA VAS,Nova vas 1a,1385,45.773401,14.504678,2020-10-01T13:18:30Z,
835,2,BS MOL NOVO MESTO LEVIČNIKOVA,Levičnikova c. 4,8000,45.804054,15.181842,2020-10-01T13:18:30Z,
836,2,BS MOL NOVO MESTO LJUBLJANSKA,Ljubljanska cesta 11,8000,45.8139,15.153116666666667,2020-10-01T13:18:30Z,
837,2,BS MOL OBREŽJE JUG,Jesenice 36a,8261,45.854884,15.684443,2020-10-01T13:18:30Z,
838,2,BS MOL ORMOŽ,Hardek 44d,2270,46.409754,16.160733,2020-10-01T13:18:30Z,
839,2,BS MOL PESEK,Krvavi potok 25,6240,45.620425,13.906935,2020-10-01T13:18:30Z,
840,2,BS MOL PODGRAD,Podgrad 12a,6244,45.52107,14.14733,2020-10-01T13:18:30Z,
841,2,BS MOL PORTOROŽ,Fizine 17,6320,45.515177,13.580759,2020-10-01T13:18:30Z,
842,2,BS MOL POSTOJNA TITOVA,Titova c.12,6230,45.77113,14.201277,2020-10-01T13:18:30Z,
843,2,BS MOL POSTOJNA TRŽAŠKA,Tržaška c. 60b,6230,45.772642,14.200028,2020-10-01T13:18:30Z,2024-02-13T12:39:19Z
844,2,BS MOL RADOVLJICA JUG,Ljubljanska cesta 70,4240,46.33865,14.19095,2020-10-01T13:18:30Z,
845,2,BS MOL RADOVLJICA SEVER,Ljubljanska cesta 71,4240,46.33934,14.19201,2020-10-01T13:18:30Z,
846,2,BS MOL RAKEK,Partizanska 73a,1381,45.808113,14.329101,2020-10-01T13:18:30Z,
847,2,BS MOL RAVBARKOMANDA VZHOD,Javorniška pot 9a,6230,45.78312588,14.22304178,2020-10-01T13:18:30Z,
848,2,BS MOL RAVBARKOMANDA ZAHOD,Javorniška pot 7a,6230,45.78536414,14.22271237,2020-10-01T13:18:30Z,
849,2,BS MOL ROŽNA DOLINA SEVER,Angela Besednjaka 8,5000,45.940972,13.640395,2020-10-01T13:18:30Z,
850,2,OMV RUŠE BEZENA,Bezena 99,2342,46.54981,15.53794,2020-10-01T13:18:30Z,2022-11-29T13:37:42Z
851,2,BS MOL SENOVO,Titova ulica 101c,8281,46.02489,15.47797,2020-10-01T13:18:30Z,
852,2,BS MOL SENOŽEČE,Senožeče 10a,6224,45.72321,14.04572,2020-10-01T13:18:30Z,
853,2,BS MOL SEŽANA,Partizanska 63a,6210,45.705649,13.863156,2020-10-01T13:18:30Z,
854,2,BS MOL SLOVENSKA BISTRICA ŽOLGARJEVA,Žolgarjeva ulica 16,2310,46.385322,15.571972,2020-10-01T13:18:30Z,
855,2,BS MOL SLOVENSKE KONJICE,Liptovska 36a,3210,46.34068,15.41675,2020-10-01T13:18:30Z,
856,2,BS MOL SMEDNIK,Smednik 12a,8274,45.90773,15.37137,2020-10-01T13:18:30Z,
857,2,BS MOL SPODNJA IDRIJA,Vojkova ulica 24,5280,46.01699,14.0288,2020-10-01T13:18:30Z,
858,2,BS MOL SPODNJI DUPLEK,C. 4.julija 69,2241,46.501143,15.751535,2020-10-01T13:18:30Z,
859,2,BS MOL STARI TRG,C.Notranjskega odreda 5,1386,45.715829,14.470974,2020-10-01T13:18:30Z,
860,2,BS MOL STOJNCI,Stojnci 24,2281,46.380448,15.972496,2020-10-01T13:18:30Z,2024-03-21T23:26:14Z
861,2,BS MOL ŠEMPAS,Šempas 160b,5261,45.917693,13.721916,2020-10-01T13:18:30Z,
862,2,BS MOL ŠENTJUR,Ljubljanska c. 20a,3230,46.214942,15.38352,2020-10-01T13:18:30Z,
863,2,BS MOL ŠKOFIJE VZHOD,Sp.Škofije 260,6281,45.580603,13.797535,2020-10-01T13:18:30Z,
864,2,BS MOL ŠKOFIJE ZAHOD,Sp.Škofije 256a,6281,45.579851,13.796288,2020-10-01T13:18:30Z,
865,2,BS MOL ŠKOFJA LOKA,Kidričeva 23a,4220,46.168842,14.31952,2020-10-01T13:18:30Z,
866,2,BS MOL ŠMARJE,Srgaši 42a,6274,45.510467,13.707064,2020-10-01T13:18:30Z,
867,2,BS MOL ŠTANJEL,Štanjel 80,6222,45.81842,13.84414,2020-10-01T13:18:30Z,
868,2,BS MOL TEPANJE,Tepanje 4b,3210,46.340828,15.469587,2020-10-01T13:18:30Z,2024-01-30T15:24:58Z
869,2,BS MOL TREBNJE,Obrtniška 28,8210,45.910462,15.025649,2020-10-01T13:18:30Z,
870,2,BS MOL VELENJE PARTIZANSKA,Partizanska c. 15a,3320,46.359472,15.099174,2020-10-01T13:18:30Z,
871,2,BS MOL VELENJE SELO,Selo 10a,3320,46.36972,15.13265,2020-10-01T13:18:30Z,
872,2,BS MOL VIPOLŽE,Vipolže 6b,5212,45.966782,13.540767,2020-10-01T13:18:30Z,
873,2,BS MOL VIR DOMŽALE,Šaranovičeva c. 10a,1230,46.147666,14.60635,2020-10-01T13:18:30Z,
874,2,BS MOL VRTOJBA,Polje 6,5290,45.920878,13.631287,2020-10-01T13:18:30Z,
875,2,BS MOL ZAGRADEC,Zagradec 34,1303,45.85943,14.83524,2020-10-01T13:18:30Z,
876,2,BS MOL ZGORNJA POLSKAVA,Bukovec 1b,2314,46.43075,15.62705,2020-10-01T13:18:30Z,2024-03-27T09:24:41Z
1548,2,BS MOL KIDRIČEVO,TOVARNIŠKA CESTA 8A,2325,46.404094,15.799085,2020-10-01T13:18:30Z,
1549,4,BS MOL ROGAŠKA SLATINA,TRŽIŠČE 12B,3250,46.2306674,15.6556409,2020-10-01T13:18:30Z,2024-02-06T23:23:37Z
1550,4,"BS MOL CELJE, KIDRIČEVA",KIDRIČEVA ULICA 40,3000,46.234044,15.2961655,2020-10-01T13:18:30Z,2024-02-07T09:23:37Z
1551,4,BS MOL LITIJA,LJUBLJANSKA CESTA 10B,1270,46.057104,14.822957,2020-10-01T13:18:30Z,2024-02-07T09:23:37Z
1552,2,BS MOL KOČEVJE,LJUBLJANSKA CESTA 40,1330,45.6488405,14.8544269,2020-10-01T13:18:30Z,
1553,2,BS MOL SLOVENSKA BISTRICA,LJUBLJANSKA CESTA 91,,46.38245,15.563571,2020-10-01T13:18:30Z,
1554,2,BS MOL MURSKA SOBOTA,MALA NOVA ULICA 1,9000,46.6560676,16.1751469,2020-10-01T13:18:30Z,
1555,2,BS MOL RIBNICA,MERHARJEVA ULICA 13,1310,45.738688,14.733154,2020-10-01T13:18:30Z,
1556,2,BS MOL LOGATEC,TRŽAŠKA 74A,1370,45.9166669,14.218824,2020-10-01T13:18:30Z,
1557,2,"BS MOL CELJE, MARIBORSKA",MARIBORSKA CESTA 111,3000,46.2451779,15.2776158,2020-10-01T13:18:30Z,
1558,4,BS MOL MURSKA SOBOTA,LENDAVSKA ULICA 75,9000,46.6676096,16.1767565,2020-10-01T13:18:30Z,2024-02-07T09:23:37Z
1559,2,BS MOL PINCE,LENDAVSKA CESTA 44 A,9220,46.522006,16.51979,2020-10-01T13:18:30Z,
1560,2,BS MOL ROŽNA DOLINA,ULICA ANGELA BESEDNJAKA 8A,5000,45.9404582,13.6399226,2020-10-01T13:18:30Z,
1561,2,BS MOL RADVANJE MARIBOR,STRELIŠKA CESTA 16/A,2000,46.5360559,15.6202679,2020-10-01T13:18:30Z,
1562,4,BS MOL KOZINA,BAZOVIŠKA CESTA 18,6240,45.6090699,13.9336733,2020-10-01T13:18:30Z,2024-02-07T09:23:37Z
1563,2,BS MOL GORNJA RADGONA,LJUTOMERSKA CESTA 12,,46.6699694,15.9961534,2020-10-01T13:18:30Z,
1564,2,BS MOL HOČE,MIKLAVŠKA CESTA 80,2311,46.5005164,15.6550055,2020-10-01T13:18:30Z,
1565,4,BS MOL NOVO MESTO,MIRNOPEŠKA CESTA 4,8000,45.8211663,15.1506657,2020-10-01T13:18:30Z,2024-02-07T09:23:37Z
1566,4,BS MOL SEŽANA,PARTIZANSKA CESTA 69/B,,45.7050725,13.8608974,2020-10-01T13:18:30Z,2024-02-07T09:23:37Z
1567,2,BS MOL SELNICA OB DRAVI,MARIBORSKA CESTA 10 C,,46.5523428,15.4977882,2020-10-01T13:18:30Z,
1568,2,BS MOL LORMANJE,LORMANJE 22D,2230,46.566917,15.8255,2020-10-01T13:18:30Z,
1569,4,BS MOL CELJE 3,MARIBORSKA 128,3000,46.244417,15.278217,2020-10-01T13:18:30Z,2024-02-07T09:23:37Z
1570,4,BS MOL SLOVENSKE KONJICE,LIPTOVSKA CESTA 32B,,46.340083,15.418667,2020-10-01T13:18:30Z,2024-05-22T08:30:37Z
1571,2,BS MOL DRAMLJE,LAZE PRI DRAMLJAH 6B,3222,46.260293,15.3918165,2020-10-01T13:18:30Z,
1572,2,BS MOL MESTINJE,MESTINJE 2A,3241,46.2343558,15.5634657,2020-10-01T13:18:30Z,
1573,4,BS MOL MURSKA SOBOTA 3,BAKOVSKA 31/A,9000,46.645667,16.168083,2020-10-01T13:18:30Z,2024-02-05T09:23:43Z
1574,4,BS MOL KOČEVJE 2,REŠKA CESTA 25/A,1330,45.632833,14.864267,2020-10-01T13:18:30Z,2024-03-13T12:40:53Z
1575,2,BS MOL OTIŠKI VRH,OTIŠKI VRH 52,2373,46.5695,15.036667,2020-10-01T13:18:30Z,
1576,2,BS MOL POBREŽJE MARIBOR,ULICA VELJKA VLAHOVIČA 8,2000,46.546333,15.674833,2020-10-01T13:18:30Z,
1577,4,BS MOL PRESTRANEK,REŠKA CESTA 18/B,6258,45.728,14.188,2020-10-01T13:18:30Z,2024-02-07T09:23:37Z
1578,4,BS MOL LJUTOMER,KOLODVORSKA ULICA 2A,9240,46.526083,16.193583,2020-10-01T13:18:30Z,2024-02-07T09:23:37Z
1579,2,BS MOL ŠENTILJ,MARIBORSKA CESTA 6,,46.677917,15.652583,2020-10-01T13:18:30Z,
1580,2,BS MOL PTUJ,PUHOVA ULICA 18A,2250,46.421507,15.88666,2020-10-01T13:18:30Z,
1581,2,BS MOL ZASAVJE,ZAVRŠJE 30,,46.1110129,15.0066052,2020-10-01T13:18:30Z,
1582,4,BS MOL MIKLAVŽ,PTUJSKA CESTA 135,2204,46.496423,15.713914,2020-10-01T13:18:30Z,2024-02-06T23:23:37Z
1583,4,BS MOL DRNOVO,VELIKA VAS PRI KRŠKEM 69,8273,45.920289,15.473747,2020-10-01T13:18:30Z,2024-02-07T09:23:37Z
1584,4,BS MOL ŠMARJE,CELJSKA CESTA 55,,46.228855,15.504098,2020-10-01T13:18:30Z,2024-02-06T23:23:37Z
1585,4,BS MOL ARCLIN,ARCLIN 101,3211,46.278837,15.300182,2020-10-01T13:18:30Z,2024-02-07T09:23:37Z
1586,4,BS MOL TRBOVLJE,VODENSKA CESTA 28A,,46.142862,15.036079,2020-10-01T13:18:30Z,2024-03-13T12:40:53Z
1587,2,BS MOL LETUŠ,LETUŠ 11 D,3327,46.311732,15.026208,2020-10-01T13:18:30Z,
1588,4,BS MOL SENOŽETI,SENOŽETI 93,,46.088644,14.716823,2020-10-01T13:18:30Z,2024-02-07T09:23:37Z
1589,4,BS MOL BTC,LETALIŠKA CESTA 24,1000,46.061644,14.564443,2020-10-01T13:18:30Z,2024-05-22T08:30:37Z
1590,2,BS MOL RUDNIK,PREMRLOVA ULICA 10,1000,46.01729,14.530471,2020-10-01T13:18:30Z,
1591,2,BS MOL VODICE,ŠKOFJELOŠKA CESTA 14,,46.185997,14.487635,2020-10-01T13:18:30Z,
1592,2,BS MOL AJDOVŠČINA,Mirce 10,5270,45.880481,13.905018,2020-10-01T13:18:30Z,
1593,2,BS MOL BRATISLAVSKA,BRATISALVSKA CESTA 11,1000,46.062837,14.550083,2020-10-01T13:18:30Z,
1921,1,PETROL MARIBOR - TRŽAŠKA 36,TRŽAŠKA CESTA 36,2000,46.53769944,15.64633113,2020-10-01T13:18:30Z,
1922,1,PETROL MARIBOR - MLINSKA,MLINSKA ULICA 33,2000,46.5573545,15.65508386,2020-10-01T13:18:30Z,
1923,1,PETROL ŠENTILJ AC - ZAHOD,CESTA 2. JULIJA 19,2212,46.68509786,15.64986497,2020-10-01T13:18:30Z,
1924,1,PETROL MARIBOR - PTUJSKA 136,PTUJSKA CESTA 136,2000,46.53249876,15.66655604,2020-10-01T13:18:30Z,
1925,1,PETROL MARIBOR - VALVASORJEVA,VALVASORJEVA ULICA 51,2000,46.555036,15.633782,2020-10-01T13:18:30Z,
1926,1,PETROL SLOVENSKA BISTRICA - LJUBLJANSKA ZAHOD,LJUBLJANSKA CESTA 74,2310,46.38470725,15.5654534,2020-10-01T13:18:30Z,
1927,1,PETROL MARIBOR - GOSPOSVETSKA SEVER,GOSPOSVETSKA CESTA 92,2000,46.56386643,15.62682805,2020-10-01T13:18:30Z,
1928,1,PETROL SOLKAN,CESTA IX. KORPUSA 67,5250,45.96778633,13.64164681,2020-10-01T13:18:30Z,
1929,1,PETROL MARIBOR - PARTIZANSKA,PARTIZANSKA CESTA 58,2000,46.56486151,15.65925818,2020-10-01T13:18:30Z,
1930,1,PETROL MARIBOR - PTUJSKA 111,PTUJSKA CESTA 111,2000,46.53248364,15.66759889,2020-10-01T13:18:30Z,
1931,1,PETROL RUŠE,INDUSTRIJSKA ULICA 4,2342,46.54026886,15.51724169,2020-10-01T13:18:30Z,
1932,1,PETROL PRAGERSKO,PTUJSKA CESTA 20,2331,46.39511839,15.65879604,2020-10-01T13:18:30Z,
1933,1,PETROL RAČE,LJUBLJANSKA CESTA 22,2327,46.45289915,15.67336264,2020-10-01T13:18:30Z,
1934,1,PETROL MARIBOR - TRŽAŠKA 10,TRŽAŠKA CESTA 10,2000,46.54123587,15.64785997,2020-10-01T13:18:30Z,
1935,1,PETROL ŠEMPETER PRI GORICI - PADLIH BORCEV,ULICA PADLIH BORCEV 2,5290,45.92923326,13.64146317,2020-10-01T13:18:30Z,
1936,1,PETROL ŠENTILJ - MARIBORSKA,MARIBORSKA CESTA 49,2212,46.67188025,15.66080301,2020-10-01T13:18:30Z,
1937,1,PETROL STARŠE,STARŠE 78A,2205,46.46753906,15.76300861,2020-10-01T13:18:30Z,
1938,1,PETROL POLJČANE,BISTRIŠKA CESTA 93,2319,46.309005,15.577384,2020-10-01T13:18:30Z,
1939,1,PETROL SLIVNICA ZAHOD,POT K ČRPALKI 5,2312,46.482509,15.654919,2020-10-01T13:18:30Z,
1940,1,PETROL MARIBOR - GOSPOSVETSKA JUG,GOSPOSVETSKA CESTA 81,2000,46.56349021,15.62652364,2020-10-01T13:18:30Z,
1941,1,PETROL OPLOTNICA,PARTIZANSKA CESTA 31,2317,46.38403,15.448916,2020-10-01T13:18:30Z,
1942,1,PETROL SELNICA OB DRAVI,MARIBORSKA CESTA 46,2352,46.54934191,15.4860149,2020-10-01T13:18:30Z,
1943,1,PETROL MARIBOR - NA POLJANAH,NA POLJANAH 10,2000,46.551953,15.630002,2020-10-01T13:18:30Z,
1944,1,PETROL LOVRENC NA POHORJU,MARIBORSKA CESTA 43,2344,46.54696377,15.40182431,2020-10-01T13:18:30Z,
1945,1,PETROL ŠENTILJ AC - VZHOD,CESTA 2. JULIJA 22,2212,46.6859127,15.65055471,2020-10-01T13:18:30Z,
1946,1,PETROL SREDIŠČE OB DRAVI,SLOVENSKA CESTA 91A,2277,46.394433,16.277736,2020-10-01T13:18:30Z,
1947,1,PETROL NOVA GORICA - VOJKOVA VZHOD,VOJKOVA CESTA 51,5000,45.962335,13.649495,2020-10-01T13:18:30Z,
1948,1,PETROL MOŠKANJCI,MOŠKANJCI 1G,2272,46.41689,15.985636,2020-10-01T13:18:30Z,
1949,1,PETROL PODLEHNIK AC - VZHOD,STANOŠINA 35,2286,46.326604,15.880214,2020-10-01T13:18:30Z,
1950,1,PETROL IDRIJA,VOJKOVA ULICA 27,5280,46.00620792,14.02764615,2020-10-01T13:18:30Z,
1951,1,PETROL LENART,KRAIGHERJEVA ULICA 40,2230,46.58401138,15.84030408,2020-10-01T13:18:30Z,
1952,1,PETROL ROŽNA DOLINA,VIPAVSKA CESTA 3A,5000,45.942191,13.638451,2020-10-01T13:18:30Z,
1953,1,PETROL ČRNCI,ČRNCI 47A,9253,46.69630599,15.88782207,2020-10-01T13:18:30Z,
1954,1,PETROL MARIBOR - POBREŽJE,ČUFARJEVA CESTA 10,2000,46.5542838,15.66939413,2020-10-01T13:18:30Z,
1955,1,PETROL MOST NA SOČI,MOST NA SOČI 51B,5216,46.15283904,13.74145196,2020-10-01T13:18:30Z,
1956,1,PETROL MARIBOR - PTUJSKA 188,PTUJSKA CESTA 188,2000,46.52829802,15.67244913,2020-10-01T13:18:30Z,
1957,1,PETROL KOBARID,GORIŠKA CESTA 8,5222,46.2417162,13.58250354,2020-10-01T13:18:30Z,
1958,1,PETROL KANAL OB SOČI,KIDRIČEVA CESTA 10A,5213,46.08786527,13.63259475,2020-10-01T13:18:30Z,
1959,1,PETROL ŠEMPETER PRI GORICI - PREKOMORSKIH BRIGAD,CESTA PREKOMORSKIH BRIGAD 64A,5290,45.93235392,13.63826623,2020-10-01T13:18:30Z,
1960,1,PETROL MIREN,MIREN 13D,5291,45.898043,13.608726,2020-10-01T13:18:30Z,
1961,1,PETROL LJUTOMER,PREŠERNOVA ULICA 19,9240,46.52201409,16.19426906,2020-10-01T13:18:30Z,
1962,1,PETROL LENDAVA,KOLODVORSKA ULICA 8A,9220,46.55996722,16.44790177,2020-10-01T13:18:30Z,
1963,1,PETROL ROGAŠOVCI,SVETI JURIJ 7A,9262,46.798925,16.03618722,2020-10-01T13:18:30Z,
1964,1,PETROL DOLNJI LAKOŠ,GLAVNA ULICA 3,9220,46.55372124,16.44233518,2020-10-01T13:18:30Z,
1965,1,PETROL RADENCI,RADGONSKA CESTA 14,9252,46.64504675,16.03435514,2020-10-01T13:18:30Z,
1966,1,PETROL BELTINCI,PANONSKA ULICA 2B,9231,46.6116377,16.22745614,2020-10-01T13:18:30Z,
1967,1,PETROL KRIŽEVCI,KLJUČAROVCI PRI LJUTOMERU 83,9242,46.55783512,16.14313338,2020-10-01T13:18:30Z,
1968,1,PETROL DOBROVNIK,DOBROVNIK 4A,9223,46.65099893,16.35338368,2020-10-01T13:18:30Z,
1969,1,PETROL ODRANCI,NASELJE GREDICE 1A,9233,46.58197141,16.28224598,2020-10-01T13:18:30Z,
1970,1,PETROL GORNJA RADGONA - MELE,LJUTOMERSKA CESTA 36,9250,46.66198841,16.01446177,2020-10-01T13:18:30Z,
1971,1,PETROL MARTJANCI,MARTJANCI 83B,9221,46.68760198,16.19649434,2020-10-01T13:18:30Z,
1972,1,PETROL MURSKA SOBOTA - TIŠINSKA JUG,TIŠINSKA ULICA 29D,9000,46.651421,16.14565,2020-10-01T13:18:30Z,
1973,1,PETROL GODOVIČ,GODOVIČ 2B,5275,45.95665729,14.09433635,2020-10-01T13:18:30Z,
1974,1,PETROL CANKOVA,CANKOVA 35,9261,46.71906544,16.02095244,2020-10-01T13:18:30Z,
1975,1,PETROL KUZMA,KUZMA 26B,9263,46.834052,16.081947,2020-10-01T13:18:30Z,
1976,1,PETROL GRABONOŠ AC - SEVER,GRABONOŠ 4D,9244,46.585173,16.007142,2020-10-01T13:18:30Z,
1977,1,PETROL MARIBOR - AC ZAHOD,NA POLJU 24,2000,46.532935,15.699297,2020-10-01T13:18:30Z,
1978,1,PETROL MARIBOR - AC VZHOD,NA POLJU 20,2000,46.531265,15.701209,2020-10-01T13:18:30Z,
1979,1,PETROL VUČJA VAS,BUČEČOVCI 4B,9242,46.590862,16.107841,2020-10-01T13:18:30Z,
1980,1,PETROL DORNBERK,DRAGA 18A,5294,45.88507011,13.73292985,2020-10-01T13:18:30Z,
1981,1,PETROL NOVA GORICA - GRČNA,VOJKOVA CESTA 68,5000,45.95320889,13.65237464,2020-10-01T13:18:30Z,
1982,1,PETROL AJDOVŠČINA - GORIŠKA,GORIŠKA CESTA 29,5270,45.88663093,13.89897002,2020-10-01T13:18:30Z,
1983,1,PETROL GOLO BRDO V BRDIH,GOLO BRDO 10B,5212,46.054382,13.497999,2020-10-01T13:18:30Z,
1984,1,PETROL NOVA GORICA - VOJKOVA ZAHOD,VOJKOVA CESTA 52,5000,45.96223076,13.64898236,2020-10-01T13:18:30Z,
1985,1,PETROL ŠEMPAS,ŠEMPAS 161A,5261,45.93039187,13.73978149,2020-10-01T13:18:30Z,
1986,1,PETROL BOVEC,DVOR 44,5230,46.33279417,13.54135681,2020-10-01T13:18:30Z,
1987,1,PETROL ČRNI VRH,ČRNI VRH 121,5274,45.92556913,14.05336933,2020-10-01T13:18:30Z,
1988,1,PETROL DESKLE,SREBRNIČEVA ULICA 4,5210,46.05406598,13.61904093,2020-10-01T13:18:30Z,
1989,1,PETROL TOLMIN,TRG MARŠALA TITA 18,5220,46.18282816,13.73383929,2020-10-01T13:18:30Z,
1990,1,"PETROL KOPER, SERMIN",SERMIN 7D,6000,45.55178982,13.76037054,2020-10-01T13:18:30Z,
1991,1,PETROL PODBRDO,PODBRDO 60C,5243,46.206127,13.959792,2020-10-01T13:18:30Z,
1992,1,PETROL LIPICA,LIPICA 26,6210,45.6554886,13.88112209,2020-10-01T13:18:30Z,
1993,1,PETROL SEŽANA,PARTIZANSKA CESTA 147,6210,45.702385,13.84361,2020-10-01T13:18:30Z,
1994,1,PETROL JAGODJE - JUG,JAGODJE 10,6310,45.52451738,13.6508096,2020-10-01T13:18:30Z,
1995,1,PETROL ILIRSKA BISTRICA,VILHARJEVA CESTA 33C,6250,45.575503,14.23202,2020-10-01T13:18:30Z,
1996,1,PETROL POSTOJNA,REŠKA CESTA 5,6230,45.76695944,14.19834697,2020-10-01T13:18:30Z,
1997,1,PETROL VRTOJBA AC - SEVER,MEDNARODNI PREHOD 1A,5290,45.920547,13.628483,2020-10-01T13:18:30Z,
1998,1,PETROL JAGODJE - SEVER,JAGODJE 9,6310,45.52595915,13.64867549,2020-10-01T13:18:30Z,
1999,1,PETROL CERKNO,GORIŠKA CESTA 37,5282,46.11808413,13.97148427,2020-10-01T13:18:30Z,
2000,1,PETROL VRTOJBA AC - JUG,MEDNARODNI PREHOD 4A,5290,45.91934,13.627636,2020-10-01T13:18:30Z,
2001,1,PETROL VIPAVA,GORIŠKA CESTA 41,5271,45.8488706,13.95468545,2020-10-01T13:18:30Z,
2002,1,PETROL AJŠEVICA,AJŠEVICA 19,5000,45.9530272,13.69107053,2020-10-01T13:18:30Z,
2003,1,PETROL CERKNICA,CESTA 4. MAJA 3A,1380,45.78853568,14.36984285,2020-10-01T13:18:30Z,
2004,1,PETROL KOPER - ŠMARSKA,ŠMARSKA CESTA 5F,6000,45.53250448,13.73568232,2020-10-01T13:18:30Z,
2005,1,"PETROL IZOLA, INDUSTRIJSKA",INDUSTRIJSKA CESTA 9B,6310,45.535631,13.671735,2020-10-01T13:18:30Z,
2006,1,PETROL HRPELJE,REŠKA CESTA 51,6240,45.604489,13.949959,2020-10-01T13:18:30Z,
2007,1,PETROL ŠTALONI,KOZARNO 1B,5212,46.00171653,13.51782499,2020-10-01T13:18:30Z,
2008,1,PETROL ŠEMPAS AC - JUG,ŠEMPAS 160C,5261,45.917,13.719403,2020-10-01T13:18:30Z,
2009,1,PETROL KOZINA AC - VZHOD,BAZOVIŠKA CESTA 23A,6240,45.60515,13.928699,2020-10-01T13:18:30Z,
2010,1,PETROL ORMOŽ,KOLODVORSKA CESTA 5,2270,46.40764081,16.15117853,2020-10-01T13:18:30Z,
2011,1,PETROL PTUJ - ORMOŠKA 25,ORMOŠKA CESTA 25,2250,46.41703099,15.8826979,2020-10-01T13:18:30Z,
2012,1,PETROL HAJDOŠE,HAJDOŠE 43D,2288,46.42559375,15.82734335,2020-10-01T13:18:30Z,
2013,1,PETROL MAJŠPERK,MAJŠPERK 55A,2322,46.3487854,15.73672014,2020-10-01T13:18:30Z,
2014,1,PETROL PTUJ - ORMOŠKA 26/B,ORMOŠKA CESTA 26B,2250,46.41676013,15.88049476,2020-10-01T13:18:30Z,
2015,1,PETROL PTUJ - OSOJNIKOVA,OSOJNIKOVA CESTA 10,2250,46.42711936,15.8836554,2020-10-01T13:18:30Z,
2016,1,PETROL AJDOVŠČINA - VIPAVSKA,VIPAVSKA CESTA 4C,5270,45.88288,13.90989,2020-10-01T13:18:30Z,
2017,1,PETROL DOLGA VAS,GLAVNA ULICA 200,9220,46.59372345,16.46019878,2020-10-01T13:18:30Z,
2018,1,PETROL MURSKA SOBOTA AC - SEVER,BAKOVSKA ULICA 53,9000,46.635944,16.166272,2020-10-01T13:18:30Z,
2019,1,PETROL MURSKA SOBOTA AC - JUG,BAKOVSKA ULICA 51,9000,46.634461,16.164346,2020-10-01T13:18:30Z,
2020,1,PETROL VOSEK,VOSEK 22A,2231,46.59570289,15.70616915,2020-10-01T13:18:30Z,
2021,1,PETROL SLOVENSKA BISTRICA - LJUBLJANSKA KROŽIŠČE,LJUBLJANSKA CESTA 45,2310,46.387184,15.569006,2020-10-01T13:18:30Z,
2022,1,PETROL PTUJ - ZAGREBŠKA,ZAGREBŠKA CESTA 49B,2250,46.40705215,15.866315,2020-10-01T13:18:30Z,
2023,1,PETROL MARIBOR - PUHOVA,PUHOVA ULICA 3,2000,46.54782826,15.67767389,2020-10-01T13:18:30Z,
2024,1,PETROL PTUJ - DORNAVSKA,DORNAVSKA CESTA 6B,2250,46.42336766,15.88908401,2020-10-01T13:18:30Z,
2025,1,PETROL MARIBOR - TRŽAŠKA 11,TRŽAŠKA CESTA 11,2000,46.53817035,15.64737991,2020-10-01T13:18:30Z,
2026,1,PETROL LORMANJE AC - JUG,LORMANJE 22C,2230,46.564825,15.826899,2020-10-01T13:18:30Z,
2027,1,PETROL PINCE AC - JUG,PINCE-MAROF 55,9220,46.521752,16.51791,2020-10-01T13:18:30Z,
2028,1,PETROL SLIVNICA VZHOD,LJUBLJANSKA CESTA 61,2311,46.493923,15.652196,2020-10-01T13:18:30Z,
2029,1,PETROL MURSKA SOBOTA - PLESE,PANONSKA ULICA 5,9000,46.656739,16.178624,2020-10-01T13:18:30Z,
2030,1,PETROL POVIR AC - JUG,POVIR 95,6210,45.703393,13.940151,2020-10-01T13:18:30Z,
2031,1,PETROL POVIR AC - SEVER,POVIR 96,6210,45.703632,13.941688,2020-10-01T13:18:30Z,
2032,1,PETROL VIPAVA AC - SEVER,GORIŠKA CESTA 3A,5271,45.829264,13.958807,2020-10-01T13:18:30Z,
2033,1,PETROL PIVKA,POSTOJNSKA CESTA 20A,6257,45.68611881,14.19717139,2020-10-01T13:18:30Z,
2034,1,PETROL KOPER - KOLODVORSKA,KOLODVORSKA CESTA 3A,6000,45.542714,13.735513,2020-10-01T13:18:30Z,
2035,1,PETROL IZOLA MANDRAČ,VELIKI TRG 0N,6310,45.538539,13.65634,2020-10-01T13:18:30Z,
2036,1,PETROL LJUBLJANA - CELOVŠKA 226,CELOVŠKA CESTA 226,1000,46.081849,14.479525,2020-10-01T13:18:30Z,
2037,1,PETROL LJUBLJANA - RAKOVNIK,DOLENJSKA CESTA 136A,1000,46.03323598,14.52693479,2020-10-01T13:18:30Z,
2038,1,PETROL LJUBLJANA - ŠMARTINSKA 45,ŠMARTINSKA CESTA 45,1000,46.0630141,14.52518352,2020-10-01T13:18:30Z,
2039,1,PETROL LJUBLJANA - DUNAJSKA 130,DUNAJSKA CESTA 130,1000,46.078052,14.512668,2020-10-01T13:18:30Z,
2040,1,PETROL LJUBLJANA - TRŽAŠKA 44,TRŽAŠKA CESTA 44,1000,46.04443147,14.48517761,2020-10-01T13:18:30Z,
2041,1,PETROL LJUBLJANA - TRŽAŠKA 131A,TRŽAŠKA CESTA 131A,1000,46.03869769,14.47088774,2020-10-01T13:18:30Z,
2042,1,PETROL LJUBLJANA - ZALOŠKA,ZALOŠKA CESTA 60A,1000,46.05587096,14.53893203,2020-10-01T13:18:30Z,
2043,1,PETROL LJUBLJANA - RUDNIK VZHOD,DOLENJSKA CESTA 157A,1000,46.01990066,14.54272853,2020-10-01T13:18:30Z,
2044,1,PETROL LJUBLJANA - DUNAJSKA 133,DUNAJSKA CESTA 133,1000,46.07883295,14.51209267,2020-10-01T13:18:30Z,
2045,1,PETROL LJUBLJANA - ŠMARTINSKA 101,ŠMARTINSKA CESTA 101,1000,46.066152,14.531219,2020-10-01T13:18:30Z,
2046,1,PETROL LJUBLJANA - TRŽAŠKA 130,TRŽAŠKA CESTA 130,1000,46.03844761,14.46933955,2020-10-01T13:18:30Z,
2047,1,PETROL LJUBLJANA - CELOVŠKA 251,CELOVŠKA CESTA 251,1000,46.08132492,14.47901865,2020-10-01T13:18:30Z,
2048,1,PETROL LJUBLJANA - TIVOLSKA,TIVOLSKA CESTA 43,1000,46.0580724,14.50344546,2020-10-01T13:18:30Z,
2049,1,PETROL LJUBLJANA - ŠMARTINSKA 150,ŠMARTINSKA CESTA 150,1000,46.06921194,14.54248084,2020-10-01T13:18:30Z,
2050,1,PETROL LJUBLJANA - CELOVŠKA 148,CELOVŠKA CESTA 148,1000,46.07303365,14.48691567,2020-10-01T13:18:30Z,
2051,1,PETROL LJUBLJANA - POLJE,ZALOŠKA CESTA 166,1260,46.053796,14.587178,2020-10-01T13:18:30Z,
2052,1,PETROL LJUBLJANA - TRNOVO,RIHARJEVA ULICA 31,1000,46.03925962,14.50003317,2020-10-01T13:18:30Z,
2053,1,PETROL DOBROVA,POLHOGRAJSKA CESTA 12,1356,46.0520304,14.42151956,2020-10-01T13:18:30Z,
2054,1,PETROL PODPEČ,JEZERO 103,1352,45.973133,14.422124,2020-10-01T13:18:30Z,
2055,1,"PETROL LJUBLJANA - ČRNUČE, DUNAJSKA",DUNAJSKA CESTA 460,1231,46.10458934,14.54127278,2020-10-01T13:18:30Z,
2056,1,PETROL LJUBLJANA - DUNAJSKA 70,DUNAJSKA CESTA 70,1000,46.06882986,14.51074492,2020-10-01T13:18:30Z,
2057,1,PETROL LJUBLJANA - RUDNIK ZAHOD,DOLENJSKA CESTA 242F,1000,46.01990756,14.54219888,2020-10-01T13:18:30Z,
2058,1,PETROL ZADVOR,CESTA II. GRUPE ODREDOV 48,1261,46.03588324,14.59614121,2020-10-01T13:18:30Z,
2059,1,PETROL LJUBLJANA AC - BARJE SEVER,CESTA DVEH CESARJEV 71,1000,46.029136,14.481739,2020-10-01T13:18:30Z,
2060,1,PETROL LJUBLJANA AC - BARJE JUG,CESTA DVEH CESARJEV 73,1000,46.028806,14.478422,2020-10-01T13:18:30Z,
2061,1,PETROL BLED - LJUBLJANSKA JUG,LJUBLJANSKA CESTA 30,4260,46.36846888,14.11723896,2020-10-01T13:18:30Z,
2062,1,PETROL DOMŽALE - LJUBLJANSKA,LJUBLJANSKA CESTA 2,1230,46.13555764,14.58035495,2020-10-01T13:18:30Z,
2063,1,PETROL KRANJ - ZLATO POLJE ZAHOD,KOROŠKA CESTA 53B,4000,46.247434,14.349614,2020-10-01T13:18:30Z,
2064,1,PETROL LITIJA - LJUBLJANSKA,LJUBLJANSKA CESTA 8,1270,46.05721177,14.82416328,2020-10-01T13:18:30Z,
2065,1,PETROL LOGATEC,TRŽAŠKA CESTA 21,1370,45.91699729,14.22441176,2020-10-01T13:18:30Z,
2066,1,PETROL RADOVLJICA - KRANJSKA,KRANJSKA CESTA 20,4240,46.34605506,14.1817862,2020-10-01T13:18:30Z,
2067,1,PETROL TRBOVLJE - TRG REVOLUCIJE,TRG REVOLUCIJE 8A,1420,46.14637991,15.04055907,2020-10-01T13:18:30Z,
2068,1,PETROL TRŽIČ - VZHOD,CESTA STE MARIE AUX MINES 13A,4290,46.35376615,14.2930683,2020-10-01T13:18:30Z,
2069,1,PETROL VRHNIKA - LJUBLJANSKA ZAHOD,LJUBLJANSKA CESTA 3,1360,45.968275,14.299194,2020-10-01T13:18:30Z,
2070,1,PETROL ZAGORJE OB SAVI,CESTA ZMAGE 51B,1410,46.1272492,14.99353794,2020-10-01T13:18:30Z,
2071,1,PETROL DOMŽALE - ČEŠMINOVA,ČEŠMINOVA ULICA 1,1230,46.146469,14.599615,2020-10-01T13:18:30Z,
2072,1,PETROL MENGEŠ - SLOVENSKA,SLOVENSKA CESTA 83,1234,46.157861,14.569698,2020-10-01T13:18:30Z,
2073,1,PETROL RATEČE,RATEČE 88A,4283,46.497066,13.708622,2020-10-01T13:18:30Z,
2074,1,PETROL KRANJ - LABORE,LJUBLJANSKA CESTA 23,4000,46.229097,14.354692,2020-10-01T13:18:30Z,
2075,1,PETROL ZGORNJE JEZERSKO,ZGORNJE JEZERSKO 65A,4206,46.39473412,14.50115773,2020-10-01T13:18:30Z,
2076,1,PETROL ŽELEZNIKI,ČEŠNJICA 55,4228,46.22626724,14.17252414,2020-10-01T13:18:30Z,
2077,1,PETROL KRANJ - ZLATO POLJE VZHOD,KOROŠKA CESTA 18A,4000,46.24951232,14.3478394,2020-10-01T13:18:30Z,
2078,1,PETROL JESENICE - MARŠALA TITA,CESTA MARŠALA TITA 113,4270,46.44194598,14.03643803,2020-10-01T13:18:30Z,
2079,1,PETROL CERKLJE NA GORENJSKEM,SLOVENSKA CESTA 52,4207,46.247136,14.485884,2020-10-01T13:18:30Z,
2080,1,PETROL ŠKOFJA LOKA - TRATA,KIDRIČEVA CESTA 57A,4220,46.17302892,14.33101817,2020-10-01T13:18:30Z,
2081,1,BS BLED - LJUBLJANSKA SEVER,LJUBLJANSKA CESTA 15A,4260,46.368737,14.115882,2020-10-01T13:18:30Z,2020-10-19T12:38:30Z
2082,1,PETROL KAMNIK - LJUBLJANSKA,LJUBLJANSKA CESTA 10A,1241,46.21205029,14.59993502,2020-10-01T13:18:30Z,
2083,1,PETROL RADOVLJICA - GORENJSKA,GORENJSKA CESTA 41A,4240,46.34844567,14.16883456,2020-10-01T13:18:30Z,
2084,1,PETROL KRANJ - STANETA ŽAGARJA 58B,CESTA STANETA ŽAGARJA 58B,4000,46.24334118,14.36914271,2020-10-01T13:18:30Z,
2085,1,PETROL PODKOREN,PODKOREN 1A,4280,46.4896618,13.76471293,2020-10-01T13:18:30Z,
2086,1,PETROL NAKLO,KRANJSKA CESTA 4,4202,46.27058563,14.31367281,2020-10-01T13:18:30Z,
2087,1,PETROL MORAVČE,PARTIZANSKA CESTA 18,1251,46.13700902,14.74115067,2020-10-01T13:18:30Z,
2088,1,PETROL LOM AC - ZAHOD,NOTRANJSKA CESTA 75,1370,45.898796,14.254887,2020-10-01T13:18:30Z,
2089,1,PETROL LOM AC - VZHOD,NOTRANJSKA CESTA 77,1370,45.89814,14.256533,2020-10-01T13:18:30Z,
2090,1,PETROL BLAGOVICA,BLAGOVICA 30,1223,46.17650516,14.80743334,2020-10-01T13:18:30Z,
2091,1,PETROL BOHINJSKA BISTRICA,SAVSKA CESTA 22,4264,46.27794883,13.9514971,2020-10-01T13:18:30Z,
2092,1,PETROL TRZIN,LJUBLJANSKA CESTA 50,1236,46.123204,14.553637,2020-10-01T13:18:30Z,
2093,1,PETROL BRODE,BRODE 20,4220,46.1379264,14.25352741,2020-10-01T13:18:30Z,
2094,1,PETROL HRASTNIK,PODKRAJ 77B,1430,46.11937061,15.08074191,2020-10-01T13:18:30Z,
2095,1,PETROL HRUŠICA AC - JUG,SPODNJI PLAVŽ 24A,4270,46.440467,14.026493,2020-10-01T13:18:30Z,
2096,1,PETROL HRUŠICA AC - SEVER,SPODNJI PLAVŽ 24B,4270,46.440937,14.028828,2020-10-01T13:18:30Z,
2097,1,PETROL ROVTE,ROVTE 20C,1373,45.96963904,14.14181044,2020-10-01T13:18:30Z,
2098,1,PETROL IVANČNA GORICA,VODOTUČINE 14,1295,45.935276,14.804536,2020-10-01T13:18:30Z,
2099,1,PETROL ŠENČUR,POSLOVNA CONA A 1,4208,46.237904,14.411983,2020-10-01T13:18:30Z,
2100,1,PETROL VOKLO AC - ZAHOD,GASILSKA CESTA 55,4208,46.22788,14.419719,2020-10-01T13:18:30Z,
2101,1,PETROL VOKLO AC - VZHOD,GASILSKA CESTA 51,4208,46.22679,14.424885,2020-10-01T13:18:30Z,
2102,1,PETROL TRBOVLJE - VODENSKA,VODENSKA CESTA 1B,1420,46.1372489,15.03407943,2020-10-01T13:18:30Z,
2103,1,PETROL RAŠICA,RAŠICA 40,1315,45.84949633,14.62405548,2020-10-01T13:18:30Z,
2104,1,PETROL KRANJSKA GORA,SAVSKO NASELJE 8,4280,46.48650758,13.79815941,2020-10-01T13:18:30Z,
2105,1,PETROL JESENICE - KOROŠKA BELA,CESTA BORISA KIDRIČA 50,4270,46.42262407,14.10274656,2020-10-01T13:18:30Z,
2106,1,PETROL IZLAKE,OBREZIJA 6,1411,46.150311,14.931488,2020-10-01T13:18:30Z,
2107,1,PETROL ČEŠNJICE V TUHINJU,GOLICE 1B,1219,46.219526,14.790614,2020-10-01T13:18:30Z,
2108,1,PETROL TRŽIČ - ZAHOD,CESTA STE MARIE AUX MINES 13,4290,46.35378031,14.29244434,2020-10-01T13:18:30Z,
2109,1,PETROL VRHNIKA - LJUBLJANSKA VZHOD,LJUBLJANSKA CESTA 4,1360,45.96798994,14.299624,2020-10-01T13:18:30Z,
2110,1,PETROL LITIJA - BRODARSKA,BRODARSKA ULICA 1,1270,46.058657,14.834124,2020-10-01T13:18:30Z,
2111,1,PETROL MOSTE PRI KOMENDI,MOSTE 40F,1218,46.19157546,14.55000276,2020-10-01T13:18:30Z,
2112,1,PETROL MEDVODE - GORENJSKA 15,GORENJSKA CESTA 15,1215,46.14877179,14.40705025,2020-10-01T13:18:30Z,
2113,1,PETROL KRANJ - STANETA ŽAGARJA 53B,CESTA STANETA ŽAGARJA 53B,4000,46.24371235,14.36955351,2020-10-01T13:18:30Z,
2114,1,PETROL LESCE,HRAŠKA CESTA 13A,4248,46.36782569,14.15376274,2020-10-01T13:18:30Z,
2115,1,PETROL MEDVODE - GORENJSKA 14,GORENJSKA CESTA 14,1215,46.13700649,14.4167802,2020-10-01T13:18:30Z,
2116,1,PETROL MEDVODE - GORENJSKA 1,GORENJSKA CESTA 1,1215,46.13675212,14.41630393,2020-10-01T13:18:30Z,
2117,1,PETROL JESENICE - CESTA ŽELEZARJEV,CESTA ŽELEZARJEV 7B,4270,46.43218809,14.06315786,2020-10-01T13:18:30Z,
2118,1,PETROL GABROVKA,KLANEC PRI GABROVKI 12,1274,45.995845,14.976083,2020-10-01T13:18:30Z,
2119,1,PETROL GROSUPLJE,LJUBLJANSKA CESTA 16A,1290,45.958264,14.657955,2020-10-01T13:18:30Z,
2120,1,PETROL PODSMREKA AC - SEVER,PODSMREKA PRI VIŠNJI GORI 15,1294,45.947759,14.771093,2020-10-01T13:18:30Z,
2121,1,PETROL KAMNIK - PEROVO,PEROVO 24,1241,46.20908766,14.60717566,2020-10-01T13:18:30Z,
2122,1,PETROL ŠKOFJA LOKA - KIDRIČEVA JUG,KIDRIČEVA CESTA 8,4220,46.16681875,14.31398429,2020-10-01T13:18:30Z,
2123,1,PETROL LUKOVICA AC - JUG,KOSESKEGA CESTA 1,1225,46.166803,14.693314,2020-10-01T13:18:30Z,
2124,1,PETROL BOROVNICA,LJUBLJANSKA CESTA 10,1353,45.92154962,14.3602911,2020-10-01T13:18:30Z,
2125,1,PETROL IG,LJUBLJANSKA CESTA 69,1292,45.96267202,14.53000724,2020-10-01T13:18:30Z,
2126,1,PETROL KRANJ - STANETA ŽAGARJA 65,CESTA STANETA ŽAGARJA 65,4000,46.241822,14.375238,2020-10-01T13:18:30Z,
2127,1,PETROL HORJUL,VRHNIŠKA CESTA 11,1354,46.02135318,14.30128011,2020-10-01T13:18:30Z,
2128,1,"PETROL LJUBLJANA - ČRNUČE, ŠTAJERSKA",ŠTAJERSKA CESTA 10,1231,46.10584664,14.5451953,2020-10-01T13:18:30Z,
2129,1,PETROL LJUBLJANA - LETALIŠKA,LETALIŠKA CESTA 38,1000,46.0615,14.57315,2020-10-01T13:18:30Z,
2130,1,PETROL LJUBLJANA - ZALOG,ZALOŠKA CESTA 255,1260,46.056932,14.601065,2020-10-01T13:18:30Z,
2131,1,PETROL ŠKOFLJICA - PIJAVA GORICA,KOČEVSKA CESTA 100,1291,45.960092,14.572453,2020-10-01T13:18:30Z,
2132,1,PETROL LJUBLJANA - LITIJSKA,LITIJSKA CESTA 31,1000,46.048276,14.54137,2020-10-01T13:18:30Z,
2133,1,PETROL DOMŽALE - KOPALIŠKA,KOPALIŠKA CESTA 11,1230,46.135583,14.606654,2020-10-01T13:18:30Z,
2134,1,PETROL ŽEJE PRI KOMENDI,POD LIPAMI 3,1218,46.19219144,14.52190652,2020-10-01T13:18:30Z,
2135,1,PETROL LJUBLJANA - KAJUHOVA,KAJUHOVA ULICA 32S,1000,46.061482,14.538136,2020-10-01T13:18:30Z,
2136,1,PETROL GORENJA VAS,POLJANSKA CESTA 118,4224,46.105122,14.144388,2020-10-01T13:18:30Z,
2137,1,PETROL ŽIRI,JOBSTOVA CESTA 35,4226,46.043743,14.10785,2020-10-01T13:18:30Z,
2138,1,PETROL LJUBLJANA - BARJANSKA CESTA,BARJANSKA CESTA 90,1000,46.031446,14.499955,2020-10-01T13:18:30Z,
2139,1,PETROL KRŠKO - CESTA KRŠKIH ŽRTEV,CESTA KRŠKIH ŽRTEV 136A,8270,45.941161,15.484993,2020-10-01T13:18:30Z,
2140,1,PETROL SEVNICA,PREŠERNOVA ULICA 9,8290,46.0077338,15.3050164,2020-10-01T13:18:30Z,
2141,1,PETROL ČATEŽ AC - JUG,RIMSKA CESTA 11,8250,45.891904,15.597607,2020-10-01T13:18:30Z,
2142,1,PETROL BIZELJSKO,BIZELJSKA CESTA 70,8259,46.01420273,15.69312736,2020-10-01T13:18:30Z,
2143,1,PETROL BREŽICE - CESTA SVOBODE,CESTA SVOBODE 1,8250,45.90080568,15.60410967,2020-10-01T13:18:30Z,
2144,1,PETROL BOŠTANJ PRI SEVNICI,BOŠTANJ 60A,8294,46.01439267,15.28799203,2020-10-01T13:18:30Z,
2145,1,PETROL OTOČEC - JUG,GRAJSKA CESTA 6,8222,45.83957835,15.23583099,2020-10-01T13:18:30Z,
2146,1,PETROL ČRNOMELJ - BELOKRANJSKA,BELOKRANJSKA CESTA 1,8340,45.57849993,15.19151321,2020-10-01T13:18:30Z,
2147,1,PETROL TREBNJE - POD GRADOM,CESTA VILME BUKOVEC 2,8210,45.90473997,15.00357364,2020-10-01T13:18:30Z,
2148,1,PETROL NOVO MESTO - SEIDLOVA,SEIDLOVA CESTA 50,8000,45.81283786,15.17472988,2020-10-01T13:18:30Z,
2149,1,PETROL BRESTANICA,CESTA PRVIH BORCEV 17,8280,45.995159,15.476035,2020-10-01T13:18:30Z,
2150,1,PETROL VAVTA VAS,VAVTA VAS 1A,8351,45.78222236,15.08335069,2020-10-01T13:18:30Z,
2151,1,PETROL SEMIČ,METLIŠKA CESTA 10,8333,45.65031764,15.18401353,2020-10-01T13:18:30Z,
2152,1,PETROL ŠENTJERNEJ,PRVOMAJSKA CESTA 10,8310,45.8438361,15.34063504,2020-10-01T13:18:30Z,
2153,1,PETROL DVOR PRI ŽUŽEMBERKU,DVOR 93,8361,45.80627184,14.97033528,2020-10-01T13:18:30Z,
2154,1,PETROL VINICA,VINICA 61,8344,45.45963416,15.2553875,2020-10-01T13:18:30Z,
2155,1,PETROL METLIKA - CESTA XV BRIGADE JUG,CESTA XV. BRIGADE 35,8330,45.64976238,15.30623221,2020-10-01T13:18:30Z,
2156,1,PETROL KRŠKO - CESTA 4. JULIJA,CESTA 4. JULIJA 74,8270,45.95503319,15.4985082,2020-10-01T13:18:30Z,
2157,1,PETROL TRŽIŠČE,TRŽIŠČE 14C,8295,45.96121483,15.19389224,2020-10-01T13:18:30Z,
2158,1,PETROL ČRNOMELJ - KOČEVJE,KOČEVJE 22B,8340,45.56606773,15.17772212,2020-10-01T13:18:30Z,
2159,1,PETROL DOBOVA,ULICA BRATOV GERJOVIČEV 24,8257,45.89537811,15.65616953,2020-10-01T13:18:30Z,
2160,1,PETROL ŠKOCJAN,DOLNJA STARA VAS 50,8275,45.89728,15.300093,2020-10-01T13:18:30Z,
2161,1,PETROL METLIKA - CESTA XV BRIGADE SEVER,CESTA XV. BRIGADE 34,8330,45.65043013,15.30556866,2020-10-01T13:18:30Z,
2162,1,PETROL OBREŽJE AC - VZHOD,JESENICE 32A,8261,45.85448,15.686297,2020-10-01T13:18:30Z,
2163,1,PETROL BREŽICE - TOVARNIŠKA,TOVARNIŠKA CESTA 2,8250,45.91870681,15.59341049,2020-10-01T13:18:30Z,
2164,1,PETROL SLOVENSKE  KONJICE,LIPTOVSKA ULICA 4,3210,46.34170285,15.43100146,2020-10-01T13:18:30Z,
2165,1,PETROL VELENJE - ŠALEŠKA,ŠALEŠKA CESTA 9,3320,46.3602501,15.12373353,2020-10-01T13:18:30Z,
2166,1,PETROL VRANSKO,VRANSKO 74A,3305,46.24594145,14.95996662,2020-10-01T13:18:30Z,
2167,1,PETROL CELJE - LJUBLJANSKA,LJUBLJANSKA CESTA 38,3000,46.235056,15.24900341,2020-10-01T13:18:30Z,
2168,1,PETROL CELJE - HUDINJA,MARIBORSKA CESTA 121,3000,46.247231,15.278929,2020-10-01T13:18:30Z,
2169,1,PETROL LJUBNO OB SAVINJI,LOKE 10,3333,46.33779188,14.83876308,2020-10-01T13:18:30Z,
2170,1,PETROL MOZIRJE,NA TRGU 55,3330,46.34033444,14.96889829,2020-10-01T13:18:30Z,
2171,1,PETROL VOJNIK,CELJSKA CESTA 35A,3212,46.28580502,15.30428269,2020-10-01T13:18:30Z,
2172,1,PETROL VELENJE - CELJSKA ZAHOD,CELJSKA CESTA 2,3320,46.35625568,15.11475697,2020-10-01T13:18:30Z,
2173,1,PETROL ŠENTRUPERT,ŠENTRUPERT 6B,3303,46.250078,15.075261,2020-10-01T13:18:30Z,
2174,1,PETROL PODČETRTEK,ZDRAVILIŠKA CESTA 27,3254,46.15162206,15.59945055,2020-10-01T13:18:30Z,
2175,1,PETROL TEPANJE AC - ZAHOD,SPODNJE GRUŠOVJE 10C,3210,46.348824,15.487582,2020-10-01T13:18:30Z,
2176,1,PETROL TEPANJE AC - VZHOD,SPODNJE GRUŠOVJE 10B,3210,46.347484,15.48757,2020-10-01T13:18:30Z,
2177,1,PETROL VITANJE,DOLIŠKA CESTA 24,3205,46.38539537,15.29788765,2020-10-01T13:18:30Z,
2178,1,PETROL CELJE - KIDRIČEVA JUG,KIDRIČEVA ULICA 28,3000,46.23481437,15.28266525,2020-10-01T13:18:30Z,
2179,1,PETROL KOZJE,KOZJE 23,3260,46.07309408,15.55856381,2020-10-01T13:18:30Z,
2180,1,PETROL CELJE - POLULE,CESTA V LAŠKO 4A,3000,46.21772911,15.26310535,2020-10-01T13:18:30Z,
2181,1,PETROL ZREČE,KOVAŠKA CESTA 29A,3214,46.37183166,15.39050014,2020-10-01T13:18:30Z,
2182,1,PETROL BISTRICA OB SOTLI,HRASTJE OB BISTRICI 1A,3256,46.0620292,15.6554536,2020-10-01T13:18:30Z,
2183,1,PETROL PONIKVA,PONIKVA 36A,3232,46.25437076,15.44383892,2020-10-01T13:18:30Z,
2184,1,PETROL SOLČAVA,SOLČAVA 12A,3335,46.419206,14.69457786,2020-10-01T13:18:30Z,
2185,1,PETROL PLANINA,PLANINA PRI SEVNICI 65H,3225,46.09842192,15.39765344,2020-10-01T13:18:30Z,
2186,1,PETROL ROGAŠKA SLATINA,SPODNJE NEGONJE 27A,3250,46.25266116,15.61686431,2020-10-01T13:18:30Z,
2187,1,PETROL ŠEMPETER V SAVINJSKI DOLINI,RIMSKA CESTA 106,3311,46.25830238,15.11406404,2020-10-01T13:18:30Z,
2188,1,PETROL LAŠKO,CELJSKA CESTA 40,3270,46.16731495,15.2329947,2020-10-01T13:18:30Z,
2189,1,PETROL GORNJI GRAD,SPODNJI TRG 34,3342,46.29907149,14.81925704,2020-10-01T13:18:30Z,
2190,1,PETROL CELJE - LANOVŽ,IPAVČEVA ULICA 19,3000,46.23718054,15.25657342,2020-10-01T13:18:30Z,
2191,1,PETROL ŠOŠTANJ,AŠKERČEVA CESTA 7,3325,46.37530944,15.04892524,2020-10-01T13:18:30Z,
2192,1,PETROL RADEČE,ULICA MILANA MAJCNA 40,1433,46.06279673,15.18155904,2020-10-01T13:18:30Z,
2193,1,PETROL VELENJE - CELJSKA VZHOD,CELJSKA CESTA 53,3320,46.350795,15.13198,2020-10-01T13:18:30Z,
2194,1,PETROL VELENJE - PARTIZANSKA,PARTIZANSKA CESTA 6,3320,46.35917056,15.10632852,2020-10-01T13:18:30Z,
2195,1,PETROL ŠMARJE PRI JELŠAH,ROGAŠKA CESTA 48,3240,46.23164686,15.52842878,2020-10-01T13:18:30Z,
2196,1,PETROL ROGATEC,CELJSKA CESTA 43,3252,46.226069,15.693021,2020-10-01T13:18:30Z,
2197,1,PETROL ŽALEC,GOTOVELJSKA CESTA 10,3310,46.256248,15.156901,2020-10-01T13:18:30Z,
2198,1,PETROL PODPLAT,PODPLAT 9,3241,46.244853,15.575872,2020-10-01T13:18:30Z,
2199,1,PETROL CELJE - MARIBORSKA,MARIBORSKA CESTA 21,3000,46.235447,15.270271,2020-10-01T13:18:30Z,
2200,1,PETROL CELJE - KIDRIČEVA SEVER,KIDRIČEVA ULICA 21,3000,46.23557589,15.27676905,2020-10-01T13:18:30Z,
2201,1,PETROL ZALOKE AC - JUG,ZALOKE 16,8274,45.908304,15.400616,2020-10-01T13:18:30Z,
2202,1,PETROL ZALOKE AC - SEVER,ZALOKE 15,8274,45.909601,15.400316,2020-10-01T13:18:30Z,
2203,1,PETROL LOČE,SLOMŠKOVA ULICA 6,3215,46.30051455,15.50179414,2020-10-01T13:18:30Z,
2204,1,PETROL CELJE - CITY CENTER,BEŽIGRAJSKA CESTA 1,3000,46.24034,15.278699,2020-10-01T13:18:30Z,
2205,1,PETROL NAZARJE,SAVINJSKA CESTA 11,3331,46.322491,14.950163,2020-10-01T13:18:30Z,
2206,1,PETROL DRAVOGRAD,MARIBORSKA CESTA 50,2370,46.59116716,15.02966432,2020-10-01T13:18:30Z,
2207,1,PETROL RAVNE NA KOROŠKEM,KOROŠKA CESTA 4A,2390,46.54726828,14.96495101,2020-10-01T13:18:30Z,
2208,1,PETROL ŽERJAV,ŽERJAV 3A,2393,46.48491258,14.86992734,2020-10-01T13:18:30Z,
2209,1,PETROL SLOVENJ GRADEC - FRANCETOVA,FRANCETOVA CESTA 21,2380,46.51479276,15.08272833,2020-10-01T13:18:30Z,
2210,1,PETROL PREVALJE,PERZONALI 49,2391,46.54278188,14.90387241,2020-10-01T13:18:30Z,
2211,1,PETROL MISLINJA,ŠENTLENART 18,2382,46.44319582,15.19195307,2020-10-01T13:18:30Z,
2212,1,PETROL MUTA,KOROŠKA CESTA 18,2366,46.60459809,15.1642458,2020-10-01T13:18:30Z,
2213,1,PETROL OTIŠKI VRH,OTIŠKI VRH 25C,2373,46.572637,15.025052,2020-10-01T13:18:30Z,
2214,1,PETROL SLOVENJ GRADEC - RONKOVA SEVER,RONKOVA ULICA 2,2380,46.50629441,15.08829225,2020-10-01T13:18:30Z,
2215,1,PETROL SLOVENJ GRADEC - RONKOVA JUG,RONKOVA ULICA 25,2380,46.504186,15.090699,2020-10-01T13:18:30Z,
2216,1,PETROL LOPATA AC - SEVER,LOPATA 81,3000,46.262458,15.222118,2020-10-01T13:18:30Z,
2217,1,PETROL ŠTORE,OBRTNIŠKA CESTA 2,3220,46.224064,15.312733,2020-10-01T13:18:30Z,
2218,1,PETROL ŠENTJUR,CESTA KOZJANSKEGA ODREDA 21A,3230,46.21307795,15.40036462,2020-10-01T13:18:30Z,
2219,1,PETROL DOBRNA,PRISTOVA 21,3204,46.32717529,15.22104794,2020-10-01T13:18:30Z,
2220,1,PETROL KOČEVJE - LJUBLJANSKA ZAHOD,LJUBLJANSKA CESTA 69A,1330,45.64870304,14.85374303,2020-10-01T13:18:30Z,
2221,1,PETROL ŽLEBIČ,BREŽE 1B,1310,45.76220176,14.70303872,2020-10-01T13:18:30Z,
2222,1,PETROL KOČEVJE - LJUBLJANSKA VZHOD,LJUBLJANSKA CESTA 44,1330,45.64954924,14.85397187,2020-10-01T13:18:30Z,
2223,1,PETROL PETRINA,PETRINA 10,1336,45.46509102,14.8550985,2020-10-01T13:18:30Z,
2224,1,PETROL LOŠKI POTOK,MALI LOG 2B,1318,45.717099,14.58622,2020-10-01T13:18:30Z,
2225,1,PETROL NOVO MESTO - TOPLIŠKA,TOPLIŠKA CESTA 9,8000,45.79863637,15.15095997,2020-10-01T13:18:30Z,
2226,1,BS KOSTANJEVICA NA KRKI,KRŠKA CESTA 10,8311,45.85248233,15.42354624,2020-10-01T13:18:30Z,2020-10-19T12:38:30Z
2227,1,PETROL NOVO MESTO - BRŠLJIN,LJUBLJANSKA CESTA 28A,8000,45.81628712,15.1547285,2020-10-01T13:18:30Z,
2228,1,PETROL NOVO MESTO - ŽABJA VAS,BELOKRANJSKA CESTA 3,8000,45.797682,15.181242,2020-10-01T13:18:30Z,
2229,1,PETROL STARINE AC - JUG,ZAGRAD PRI OTOČCU 111,8222,45.841312,15.217206,2020-10-01T13:18:30Z,
2230,1,PETROL STARINE AC - SEVER,ZAGRAD PRI OTOČCU 110,8222,45.841967,15.216726,2020-10-01T13:18:30Z,
2231,1,PETROL DUL AC - JUG,DOLENJI PODBORŠT PRI TREB. 50,8210,45.898858,15.026398,2020-10-01T13:18:30Z,
2232,1,PETROL PODLEHNIK AC - ZAHOD,DEŽNO PRI PODLEHNIKU 2,2286,46.329098,15.878359,2020-10-01T13:18:30Z,
2233,1,PETROL MENGEŠ - KAMNIŠKA,KAMNIŠKA CESTA 60,1234,46.172911,14.577254,2020-10-01T13:18:30Z,
2234,2,BS MOL TEZNO,Ptujska cesta 56,2000,46.537696,15.655975,2020-10-01T13:18:30Z,
2235,2,BS MOL KRANJ,Ulica Boštjana Hladnika 4,4000,46.230565,14.369373,2020-10-01T13:18:30Z,
2236,2,BS MOL PTUJ ORMOŠKA,Ormoška cesta 32,2250,46.41600383,15.88503332,2020-10-01T13:18:30Z,
2237,3,BS MAXEN TRŽIČ,Cesta Ste Marie aux Mines bš,4290,46.3583296,14.2978288,2020-10-01T13:18:30Z,
2238,3,BS MAXEN KOPER,Ulica 15. maja bš,6000,45.5371584,13.7323296,2020-10-01T13:18:30Z,
2239,3,BS MAXEN NIZKA,Nizka bš,3332,46.3157792,14.9116624,2020-10-01T13:18:30Z,
2240,3,BS MAXEN GORNJA RADGONA,Ljutomerska cesta bš,9250,46.6636544,16.0091968,2020-10-01T13:18:30Z,
2241,3,BS MAXEN BENEDIKT,Radgonska cesta bš,2234,46.6088,15.893144,2020-10-01T13:18:30Z,
2242,3,BS MAXEN ČRNOMELJ,Ulica heroja Stariha bš,8340,45.5729152,15.1853056,2020-10-01T13:18:30Z,
2243,3,BS MAXEN GRAD,Grad bš,9264,46.7978208,16.0886368,2020-10-01T13:18:30Z,
2244,3,BS MAXEN DOLNJI LAKOŠ,Glavna ulica bš,9220,46.5525523,16.430912,2020-10-01T13:18:30Z,
2245,3,BS MAXEN SELNICA OB DRAVI,Spodnja Selnica bš,2352,46.5546048,15.5078896,2020-10-01T13:18:30Z,
2246,3,BS MAXEN LJUBLJANA-BTC,Argentinska ulica bš,1000,46.0665824,14.5488544,2020-10-01T13:18:30Z,
2247,3,BS MAXEN METLIKA,Mestni log bš,8330,45.6406592,15.3216016,2020-10-01T13:18:30Z,
2248,3,BS MAXEN PREDGRAD,Paka pri Predgradu bš,8342,45.5025792,15.0603264,2020-10-01T13:18:30Z,
2249,3,BS MAXEN MEŽICA,Mariborska cesta bš,2392,46.5236096,14.8536976,2020-10-01T13:18:30Z,
2250,3,BS MAXEN KOČEVJE,Mrtvice bš,1332,45.6768128,14.827288,2020-10-01T13:18:30Z,
2251,3,BS MAXEN ŽUŽEMBERK,Grajski trg bš,8360,45.8333056,14.9274912,2020-10-01T13:18:30Z,
2252,3,BS MAXEN VELENJE,Črnova bš,3320,46.347808,15.1495248,2020-10-01T13:18:30Z,
2253,3,BS MAXEN LOGATEC,Tržaška cesta bš,1370,45.9388,14.2365616,2020-10-01T13:18:30Z,
2254,3,BS MAXEN RIBNICA,Gorenjska cesta bš,1310,45.7490272,14.7190224,2020-10-01T13:18:30Z,
2255,3,BS MAXEN NOVO MESTO,Mirnopeška cesta bš,8000,45.8202208,15.1490384,2020-10-01T13:18:30Z,
2256,3,BS MAXEN KRANJ,Cesta Staneta Žagarja bš,4000,46.24224,14.3774704,2020-10-01T13:18:30Z,
2257,3,BS MAXEN AJDOVŠČINA,Vipavska cesta bš,5270,45.8809344,13.9107888,2020-10-01T13:18:30Z,
2258,5,SHELL KOPER,SERMIN 7C,6000,45.552486,13.762092,2020-10-01T13:18:30Z,
2259,5,SHELL AJDOVŠČINA,MIRCE 20,5270,45.883317,13.891954,2020-10-01T13:18:30Z,
2260,5,SHELL SEŽANA,PARTIZANSKA CESTA 79,6210,45.703002,13.850927,2020-10-01T13:18:30Z,
2261,5,SHELL VRTOJBA,IC POLJE,5290,45.921155,13.634505,2020-10-01T13:18:30Z,
2262,5,SHELL BIČ,BIČ 11,8213,45.924703,14.889676,2020-10-01T13:18:30Z,
2263,5,SHELL ŠENČUR,POSLOVNA CONA 12A,4208,46.245779,14.410096,2020-10-01T13:18:30Z,
2264,5,SHELL JESENICE,SPODNJI PLAVZ 6B,4270,46.444186,14.026966,2020-10-01T13:18:30Z,
2265,5,SHELL TRUCK CENTER MARIBOR FRAM,TURNEJEVA ULICA 35,2313,46.449892,15.651698,2020-10-01T13:18:30Z,
2266,5,SHELL FRAM MARIBOR RETAIL,TURNEJEVA ULICA 35,2313,46.449892,15.651698,2020-10-01T13:18:30Z,
2267,6,EKO-NAFTA d.o.o.,"Trimlini 65A, 9220 Lendava - Lendva",9220,46.5429019,16.4429144,2020-10-01T13:18:30Z,
2268,9,BS Pesniška vrata,Pesnica pri Mariboru 32e,2211,46.601243,15.674333,2020-10-01T13:18:30Z,
2269,10,Butan plin - črpalka avtoplina v Ljubljani,Verovškova ulica 70,1000,46.080815,14.501862,2020-10-01T13:18:30Z,2025-08-12T09:36:26Z
2270,10,Butan plin - črpalka avtoplina v Izoli,Polje 6a,6310,45.537987,13.670166,2020-10-01T13:18:30Z,2026-04-07T05:56:12Z
2271,2,BS MOL MARIBOR STUDENCI,Ulica heroja Šercerja 60,2000,46.548645,15.620617,2020-10-01T13:18:30Z,
2272,1,PETROL BLED - SELIŠKA,SELIŠKA CESTA 4C,4260,46.370163,14.116395,2020-10-01T13:18:30Z,
2273,11,ECO OIL MARIBOR,ZAGREBŠKA CESTA 24,2000,46.534411,15.6574563,2020-10-01T13:18:30Z,
2274,11,ECO OIL LJUBLJANA,CELOVŠKA CESTA 206,1000,46.1044913,14.4534852,2020-10-01T13:18:30Z,2022-02-07T08:34:34Z
2275,11,ECO OIL TURNIŠČE,ULICA ŠTEFANA KOVAČA,9224,46.6209381,16.3199527,2020-10-01T13:18:30Z,
2276,11,ECO OIL SEŽANA,PARTIZANSKA CESTA,6210,45.7047532,13.855647,2020-10-01T13:18:30Z,
2283,2,BS MOL ŠALOVCI,Šalovci 168,9204,46.821993,16.278851,2020-10-01T13:18:30Z,
2284,2,BS MOL HOTIZA,Ložič 1,9220,46.551502,16.344579,2020-10-01T13:18:30Z,
2285,2,BS MOL LENART,Kraigherjeva ulica 19,2230,46.579295,15.834392,2020-10-01T13:18:30Z,
2286,2,BS MOL RADLJE OB DRAVI,Mariborska cesta 60,2360,46.612815,15.232126,2020-10-01T13:18:30Z,
2287,2,BS MOL LAŠKO,Celjska cesta 2,3270,46.162431,15.23171,2020-10-01T13:18:30Z,
2288,2,BS MOL PAY&GO TRŽIČ,Cesta Ste Marie aux mines 7,4290,46.358642,14.298618,2020-10-01T13:18:30Z,
2289,2,BS MOL PAY&GO KRANJ,Šuceva ulica 23 a,4000,46.246355,14.378,2020-10-01T13:18:30Z,
2290,2,BS MOL PAY&GO MEDVODE,Gorenjska cesta 12,1215,46.136526,14.417849,2020-10-01T13:18:30Z,
2291,2,BS MOL PAY&GO LJUBLJANA TOPLARNIŠKA,Toplarniška ulica 4,1000,46.056904,14.541465,2020-10-01T13:18:30Z,
2292,2,BS MOL PAY&GO LJUBLJANA TRŽAŠKA,Tržaška 429,1000,46.027435,14.4353,2020-10-01T13:18:30Z,
2293,2,BS MOL PAY&GO IVANČNA GORICA,Cesta 2. grupe odredov 4,1295,45.936326,14.805261,2020-10-01T13:18:30Z,
2294,2,BS MOL PAY&GO POSTOJNA,Industrijska cesta 4,6230,45.769831,14.197979,2020-10-01T13:18:30Z,
2295,2,BS MOL PAY&GO ILIRSKA BISTRICA,Vilharjeva cesta 58,6250,45.576279,14.23011,2020-10-01T13:18:30Z,
2296,15,DISCONT OiL - BS Maribor,Tržaška cesta 35,2000,46.529195,15.646512,2020-10-01T13:18:30Z,
2297,16,Agas Maribor,Perhavčeva ulica 15,2000,46.525107,15.667885,2020-10-01T13:18:30Z,
2299,16,Agas Slovenska Bistrica,Žolgarjeva ulica 25,2310,46.385204,15.576529,2020-10-01T13:18:30Z,
2302,19,LOGO BENCINSKI SERVISI d.o.o. PE BREZOVICA,Tržaška cesta 358,1351,46.026026,14.4284534,2020-10-01T13:18:30Z,
2303,19,Bencinski servis Tupaliče,Tupaliče 35a,4205,46.2955877,14.4297645,2020-10-01T13:18:30Z,
2304,19,Bencinski servis Velika Pirešica,Velika Pirešica 60,3310,46.28633117675781,15.176063537597656,2020-10-01T13:18:30Z,
2305,19,Bencinski servis Škofja Loka,Grenc 57,4220,46.1730598,14.3212867,2020-10-01T13:18:30Z,
2306,33,Bencinski servis Stella,Juršinci 81a,2256,46.4832476,15.965107,2020-10-01T13:18:30Z,
2307,19,Bencinski servis Sodražica,cesta Notranjskega odreda 56,1317,45.76375961303711,14.63137435913086,2020-10-01T13:18:30Z,
2308,19,Tankomat Grosuplje,Ljubljanska cesta 66,1290,45.96573257446289,14.659423828125,2020-10-01T13:18:30Z,
2309,19,Tankomat Sežana,Cesta na Lenivec 32,6210,45.7087287902832,13.8604755401611,2020-10-01T13:18:30Z,
2310,19,Tankomat Jesenice,Cesta železarjev 8,4270,46.43106460571289,14.07077407836914,2020-10-01T13:18:30Z,2024-01-04T06:30:20Z
2311,18,BS Merkantil KNEŽAK,KNEŽAK 3,6253,45.625625,14.239867,2020-10-02T06:29:55Z,
2312,17,HOJNIK Oil BS Leskovec,Leskovec 15,3000,46.259264,15.310556,2020-10-02T09:26:38Z,
2313,14,West Oil BS Zavrč,Zavrč 8c,2283,46.3896077,16.05135585,2020-10-06T08:29:38Z,
2314,22,BS DEMOL,Mislinjska Dobrava 49,2383,46.459512,15.137156,2020-10-15T10:29:19Z,
2315,21,Bencinski servis STRANICE,Osredek 33,3214,46.36054099833075,15.385325730057207,2020-10-15T10:29:19Z,
2316,23,BS Žihlava,Žihlava 15,9244,46.55,16.0396,2020-10-21T06:34:22Z,
2317,23,BS Lemerje,Lemerje 2,9201,46.7094,16.1102,2020-10-21T06:34:22Z,
2318,24,PRUNK OIL,Mednarodni prehod 1a,5290,45.9207599,13.6284418,2020-10-22T06:34:35Z,
2319,26,EKSTRA OLJE,Limbuška cesta 2,2341,46.559416,15.597476,2020-10-29T19:19:24Z,
2320,25,URMA D.O.O.,DEKANI 076 E,6271,1E-15,-1E-15,2020-11-04T07:22:45Z,
2321,29,Mi oskrba d.o.o.,Hrašče 4c,6230,45.77353972485529,14.16884039205976,2020-12-02T09:29:41Z,
2322,27,BENCINSKI SERVIS KOVAČIČ,Grm 12,8210,45.89790647835315,15.052119626875369,2020-12-29T15:43:30Z,
2323,2,BS MOL KOPER LUKA,Vojkovo nabrežje 38,6000,45.55757,13.75353,2021-05-10T12:51:30Z,
2324,19,LOGO BENCINSKI SERVIS d.o.o.,Ljubljanska cesta 62,1290,45.96802,14.66103,2021-09-02T08:37:53Z,
2325,12,"Avtočrpalka Kozina, INA Slovenija",Kolodvorska ulica 18,6240,45.600152572030176,13.932618123578347,2022-03-22T11:27:19Z,2024-09-29T22:30:49Z
2326,30,Ka olje d.o.o.,ŠKOJELOŠKA CESTA 16,1217,46.1845316,14.47429,2022-04-05T06:39:18Z,
2327,15,DISCONT OiL - BS Bezena,Bezena 99,2342,46.5499175582367,15.538353293954877,2022-12-07T10:31:39Z,
2328,19,Tankomat Jesenice,Cesta Železarjev 8,4270,46.43106460571289,14.07077407836914,2023-01-17T14:27:26Z,
2329,31,,Sermin 8A,6000,45.552372,13.766288,2023-03-28T13:31:56Z,
2330,31,,Plinarniška 1,3000,46.24061,15.2898,2024-02-07T10:28:46Z,
2331,11,ECO OIL FRAM,TURNERJEVA ULICA,2313,46.451048,15.65166,2024-02-07T10:28:46Z,
2332,2,BS MOL RAVNE,Dobja vas 18b,2390,46.544943013174425,14.939777713626901,2023-06-07T22:27:11Z,
2333,32,ENERGETSKI CENTER DOLENJSKE,zwittrova ulica B.H.,8000,45.80982474643234,15.160023593134378,2024-02-07T10:28:46Z,
2334,5,SHELL ROGAŠKA SLATINA,Tržišče 12 b,3250,46.308,15.5665,2023-10-23T22:27:34Z,
2335,5,SHELL ŠMARJE PRI JELŠAH,Celjska cesta 55,3240,46.22878,15.504,2023-10-23T22:27:34Z,
2336,5,SHELL MIKLAVŽ,Ptujska cesta 135,2204,46.53067,15.67062,2023-11-06T23:23:39Z,
2337,5,SHELL LITIJA,Ljubljanska cesta 10 B,1270,46.057722042151795,14.82292837241754,2023-11-13T14:28:12Z,
2338,5,SHELL MURSKA SOBOTA Lendavska,Lendavska ulica 75,9000,46.667481,16.176773,2023-11-14T08:28:31Z,
2339,5,SHELL ŽALEC,Mala Pirešica 22,3301,46.266973,15.189107,2023-12-01T10:31:00Z,
2340,5,SHELL KOZINA,Bazoviška cesta 18,6240,45.60911603335073,13.93361083463169,2023-12-04T23:24:52Z,
2341,5,SHELL LJUTOMER,Kolodvorska ulica 2A,9240,46.52613423254767,16.193609363823846,2023-12-06T11:22:54Z,
2342,5,SHELL SENOŽETI,"Senožeti 93, 1262 Senožeti",,46.088862059954124,14.716871893530739,2023-12-14T15:26:05Z,
2343,5,SHELL NOVO MESTO,"Mirnopeška 4, 8000 Novo Mesto",8000,45.821327325964894,15.150560521690572,2023-12-11T11:23:26Z,
2344,5,SHELL ARCLIN,"3211 Arclin – Škofja Vas, Arclin 101",3211,46.27879929325074,15.300271376669105,2023-12-12T12:44:09Z,
2345,5,SHELL DRNOVO,"Velika Vas pri Krškem 69, 8273 Drnovo",8273,45.92022102331869,15.47376189244999,2023-12-12T12:44:09Z,
2346,5,SHELL CELJE MARIBORSKA,Mariborska 128,3000,46.24423316065561,15.278462363239953,2023-12-11T12:45:03Z,
2347,5,SHELL PRESTRANEK,Reška cesta 18B,6258,45.728174292934355,14.187886149162168,2024-01-03T23:25:52Z,
2348,5,SHELL MURSKA SOBOTA Bakovska,Bakovska 31 A,9000,46.64580322249098,16.16815983270674,2023-12-18T16:32:46Z,
2349,5,SHELL SEZANA,Partizanska cesta 69A,6210,45.70519088779502,13.861015699133779,2024-01-29T11:22:35Z,
2350,5,SHELL KOPER SEMEDELA,Istrska cesta 53,6000,45.5389688698564,13.728621313111132,2024-01-22T06:32:01Z,
2351,5,SHELL CELJE KIDRIČEVA,Kidričeva ulica 40,3000,46.234018307787046,15.296215827340855,2024-01-29T23:25:17Z,
2352,5,SHELL KOPER BERTOKI,Cesta med vinogradi 52,6000,45.55542689115159,13.78089458948286,2024-02-12T13:25:54Z,
2353,5,SHELL KOCEVJE RESKA,Reška cesta 25a,1330,45.63286356949685,14.864140348800042,2024-02-14T10:29:08Z,
2354,5,SHELL CELJE AERO,Dečkova cesta 39,3000,46.24061678625168,15.256515119602888,2024-02-14T10:29:08Z,
2355,5,SHELL POSTOJNA TRŽAŠKA,Tržaška cesta 60b,6230,45.772716370874754,14.200187856694102,2024-02-21T14:26:29Z,
2356,5,SHELL BENEDIKT,Radgonska cesta 15,2234,46.61058906474378,15.89398684995135,2024-02-26T15:24:42Z,
2357,5,SHELL TEPANJE,Tepanje 4b,3210,46.34088409645317,15.469610360423939,2024-03-07T13:23:35Z,
2358,5,SHELL BREZOVICA,Tržaška cesta 565,1351,46.02261874034981,14.407761204034685,2024-03-05T11:22:38Z,
2359,5,SHELL MARIBOR V,Maribor Ptujska 2,2000,46.522438503045684,15.679910715884338,2024-03-08T11:23:17Z,
2360,5,SHELL LOKEV,Lokev 1a,6219,45.66133077329971,13.919418145832134,2024-03-08T11:23:17Z,
2361,5,SHELL KOMENDA,Potok pri Komendi 8,1218,46.20581146877878,14.523937545251142,2024-03-14T11:22:56Z,
2362,5,SHELL MARIBOR PTUJSKA ZAHOD,Ptujska cesta 104,2000,46.535127602458296,15.661573380820581,2024-03-01T10:28:57Z,
2363,5,SHELL TRBOVLJE,Vodenska cesta 28 A,1420,46.14297981487424,15.036054161327268,2024-03-01T10:28:57Z,
2364,5,SHELL IZOLA SEVER,Prešernova cesta 2a,6310,45.53789717461961,13.66872067047427,2024-03-27T09:24:41Z,
2365,5,SHELL MARIBOR BOHOVA,Tržaška cesta 83,2000,46.51807271424088,15.651544379912487,2024-03-27T09:24:41Z,
2366,5,SHELL GEDEROVCI,Gederovci 17a,,46.679179385276846,16.056043959027516,2024-03-27T09:24:41Z,
2367,5,SHELL KOČEVJE,Gornje Ložine 1A,1332,45.68934644998123,14.799691221318923,2024-03-27T09:24:41Z,
2368,5,SHELL SLOVENSKE KONJICE,Liptovska cesta 32B,2310,46.34011896303725,15.418721900923186,2024-04-22T14:28:00Z,
2369,5,SHELL LUCIJA VZHOD,Vinjole 29b,6320,45.50086689761921,13.610492852317408,2024-04-22T14:28:00Z,
2370,5,SHELL STOJNCI,Stojnci 24,2281,46.38048175449777,15.972530744906699,2024-04-22T22:29:39Z,
2371,5,SHELL AJŠEVICA,Loke 40,5000,45.953170561531195,13.691872647114305,2024-04-22T22:29:39Z,
2372,5,SHELL ZG. POLSKAVA,Bukovec 1b,2314,46.43088480445796,15.627126931204163,2024-04-22T22:29:39Z,
2373,2,BS MOL MURSKA SOBOTA Lendavska,Lendavska 60d,9000,46.66673,16.17698,2024-05-22T09:27:44Z,
2374,2,BS MOL LJUTOMER,Kolodvorska 7a,9240,46.5289,16.19006,2024-05-17T11:22:35Z,
2378,1,PETROL ARNOVSKI GOZD,MALA PIREŠICA 23,3301,46.26910159,15.18931474,2025-11-13T04:40:37Z,
