pk,name,address,zip_code,lat,lng,method,gurs_address,gurs_lat,gurs_lng,distance_m,error
766,BS MOL AJŠEVICA,Loke 40,5000,45.95337,13.69157,address,"Loke 40, 5000 Nova Gorica",45.95319,13.69178,26,
767,BS MOL BENEDIKT,Radgonska c. 15,2234,46.61068,15.89416,address,"Radgonska cesta 15, 2234 Benedikt",46.61042,15.89389,36,
768,BS BERTOKI,C.med vinogradi 52,6000,45.555358,13.78105,address,"Cesta med vinogradi / Strada fra i Vigneti 52, 6000 Koper - Capodistria",45.55540,13.78089,13,
769,BS MOL BRESTOVICA,Brestovica 116b,6223,45.81302,13.62228,reverse,"Brestovica pri Komnu 116b, 6223 Komen",45.81296,13.62225,7,address not found
770,BS MOL BREZOVICA,Tržaška c. 565,1351,46.022535,14.407636,address,"Tržaška cesta 565, 1351 Brezovica pri Ljubljani",46.02251,14.40776,10,
771,BS MOL BREŽICE,C.Svobode 35,8250,45.913737,15.595365,address,"Cesta svobode 35, 8250 Brežice",45.91362,15.59542,14,
772,BS MOL CELJE AERO,Dečkova c. 39,3000,46.24062,15.25644,address,"Dečkova cesta 39, 3000 Celje",46.24043,15.25667,28,
773,BS MOL CELJE MARIBORSKA JUG,Mariborska c. 84,3000,46.23923,15.27456,address,"Mariborska cesta 84, 3000 Celje",46.23923,15.27449,5,
774,BS MOL CELJE LJUBLJANSKA,Ljubljanska cesta 110,3000,46.238118,15.235194,address,"Ljubljanska cesta 110, 3000 Celje",46.23809,15.23500,15,
775,BS MOL ČRNOMELJ,Belokranjska c. 18a,8340,45.57995,15.19583,address,"Belokranjska cesta 18a, 8340 Črnomelj",45.57991,15.19600,14,
776,BS MOL DIVAČA,Kolodvorska 1,6215,45.681494,13.968687,address,"Kolodvorska ulica 1, 6215 Divača",45.68140,13.96856,14,
777,BS MOL DOBRENJE VZHOD,Sp.Dobrenje 41a,2211,46.605931,15.663342,reverse,"Spodnje Dobrenje 41a, 2211 Pesnica pri Mariboru",46.60622,15.66339,32,address not found
778,BS MOL DOBRENJE ZAHOD,Sp.Dobrenje 41d,2211,46.609699,15.662384,reverse,"Spodnje Dobrenje 41d, 2211 Pesnica pri Mariboru",46.60945,15.66230,28,address not found
779,BS MOL DOL PRI LJUBLJANI,Podgora pri Dolskem 40,1262,46.090168,14.650805,address,"Podgora pri Dolskem 40, 1262 Dol pri Ljubljani",46.09010,14.65103,19,
780,BS MOL DRAVOGRAD,Koroška c. 49,2370,46.59033,15.01542,address,"Koroška cesta 49, 2370 Dravograd",46.59033,15.01543,1,
781,BS MOL DRAVSKO POLJE JUG,Gerečja vas 1h,2288,46.428962,15.794118,address,"Gerečja vas 1h, 2288 Hajdina",46.42890,15.79417,8,
782,BS MOL DRAVSKO POLJE SEVER,Gerečja vas 1g,2288,46.428104,15.796613,address,"Gerečja vas 1g, 2288 Hajdina",46.42824,15.79643,21,
783,BS MOL DUTOVLJE,Dutovlje 3b,6221,45.755992,13.835896,address,"Dutovlje 3b, 6221 Dutovlje",45.75594,13.83589,6,
784,BS MOL TRUCK SEŽANA,Partizanska 77,6210,45.70387478,13.8514001,address,"Partizanska cesta 77, 6210 Sežana",45.70385,13.85136,4,
785,BS MOL TRUCK LENDAVA,Trimlini 65b,9220,46.54818511,16.44478697,address,"Trimlini / Hármasmalom 65b, 9220 Lendava - Lendva",46.54831,16.44487,15,
786,BS MOL TRUCK MARIBOR,Tržaška c. 53a,2000,46.52543955,15.65123783,address,"Tržaška cesta 53a, 2000 Maribor",46.52538,15.65123,7,
787,ET RAKA,Smednik 12a,8274,45.90779511,15.37201979,address,"Smednik 12a, 8274 Raka",45.90767,15.37100,80,
788,BS MOL TRUCK VRTOJBA,Polje 10,5290,45.92082361,13.63360622,address,"Polje 10, 5290 Šempeter pri Gorici",45.92072,13.63347,16,
789,BS MOL FERNETIČI,Partizanska c. 151,6210,45.701768,13.841505,address,"Partizanska cesta 151, 6210 Sežana",45.70177,13.84155,4,
790,BS MOL FERNETIČI JUG,Partizanska c. 98,6210,45.704437,13.846496,address,"Partizanska cesta 98, 6210 Sežana",45.70457,13.84666,20,
791,BS MOL FERNETIČI SEVER,Partizanska c. 130,6210,45.70492,13.84554,address,"Partizanska cesta 130, 6210 Sežana",45.70491,13.84560,5,
792,BS MOL GEDEROVCI,Gederovci 17a,9251,46.67921,16.056079,address,"Gederovci 17a, 9251 Tišina",46.67913,16.05605,9,
793,BS MOL GRABONOŠ,Grabonoš 4c,9244,46.584129,16.008947,address,"Grabonoš 4c, 9244 Sveti Jurij ob Ščavnici",46.58355,16.00805,94,
794,BS MOL GRAČIŠČE,Gračišče 4a,6272,45.501301,13.873635,address,"Gračišče 4a, 6272 Gračišče",45.50131,13.87378,11,
795,OMV GROSUPLJE,Ljubljanska c. 62,1290,45.967972,14.660767,address,"Ljubljanska cesta 62, 1290 Grosuplje",45.96802,14.66102,20,
796,BS MOL GROSUPLJE CIKAVA,Ljubljanska cesta 129,1290,45.9730555555556,14.625555555555556,reverse,"Ljubljanska cesta 129, 1293 Šmarje - Sap",45.97335,14.62453,86,address not found
797,BS MOL ILIRSKA BISTRICA,Bazoviška 45,6250,45.559604,14.244346,address,"Bazoviška cesta 45, 6250 Ilirska Bistrica",45.55952,14.24417,17,
798,BS MOL IZOLA,Prešernova cesta 1a,6310,45.53687,13.66795,address,"Prešernova cesta / Strada France Prešeren 1a, 6310 Izola - Isola",45.53695,13.66800,10,
799,BS MOL IZOLA SEVER,Prešernova 2a,6310,45.537905,13.668631,address,"Prešernova cesta / Strada France Prešeren 2a, 6310 Izola - Isola",45.53774,13.66824,36,
800,BS MOL KAMNIK,Perovo 32,1240,46.208865,14.606844,reverse,"Perovo 24, 1241 Kamnik",46.20909,14.60716,35,address not found
801,BS MOL KOČEVJE GORNJE LOŽINE,Gornje Ložine 1a,1332,45.689289,14.7997,address,"Gornje Ložine 1a, 1332 Stara Cerkev",45.68864,14.80087,116,
802,BS MOL KOMEN,Komen 119a,6223,45.816868,13.745429,address,"Komen 119a, 6223 Komen",45.81690,13.74536,6,
803,BS MOL KOMENDA,Potok pri Komendi 8,1218,46.205702,14.52399,address,"Potok pri Komendi 8, 1218 Komenda",46.20575,14.52395,6,
804,BS MOL KOPER BONIFIKA,Istrska cesta 14,6000,45.5404,13.7263,address,"Istrska cesta / Strada dell'Istria 14, 6000 Koper - Capodistria",45.54053,13.72592,33,
805,BS SHELL KOPER SEMEDELA,Istrska cesta 53,6000,45.538903,13.728619,address,"Istrska cesta / Strada dell'Istria 53, 6000 Koper - Capodistria",45.53902,13.72849,16,
806,BS MOL KOPER ANKARANSKA,Ankaranska c. 5d,6000,45.545957,13.742681,address,"Ankaranska cesta / Via Ancarano 5d, 6000 Koper - Capodistria",45.54586,13.74276,12,
807,BS MOL KOPER ŠMARSKA,Šmarska c. 4a,6000,45.530207,13.734777,address,"Šmarska cesta / Strada di Šmarje 4a, 6000 Koper - Capodistria",45.53024,13.73465,11,
808,BS MOL KOZINA,Mestni trg 7,6240,45.60807,13.93501,address,"Mestni trg 7, 6240 Kozina",45.60828,13.93513,25,
809,BS MOL KRANJ PRIMSKOVO,Cesta Staneta Žagarja 53c,4000,46.24277,14.371453,address,"Cesta Staneta Žagarja 53c, 4000 Kranj",46.24287,14.37127,18,
810,BS MOL KRŠKO,C.Krških žrtev 131a,8270,45.94429,15.48733,address,"Cesta krških žrtev 131a, 8270 Krško",45.94430,15.48733,1,
811,BS MOL KRVAVI POTOK,Krvavi potok 1,6240,45.61885,13.910126,address,"Krvavi Potok 1, 6240 Kozina",45.61886,13.91018,4,
812,BS MOL LAZARET,Jadranska c. 1,6280,45.59283,13.72411,address,"Jadranska cesta / Strada dell'Adriatico 1, 6280 Ankaran - Ancarano",45.56501,13.76591,4489,
813,BS MOL LESCE,Hraška c. 17,4248,46.365369,14.16032,address,"Hraška cesta 17, 4248 Lesce",46.36532,14.16042,9,
814,BS MOL LIPOVCI,Lipovci 243b,9231,46.625125,16.214332,address,"Lipovci 243b, 9231 Beltinci",46.62494,16.21437,21,
815,BS MOL LITIJA,Zasavska c. 1,1270,46.058713,14.832858,address,"Zasavska cesta 1, 1270 Litija",46.05872,14.83288,2,
816,BS MOL LJUBLJANA LETALIŠKA,Letališka c. 33b,1000,46.062474,14.570349,address,"Letališka cesta 33b, 1000 Ljubljana",46.06247,14.57025,8,
817,BS MOL LJUBLJANA LITIJSKA,Litijska c. 40,1000,46.047401,14.546097,address,"Litijska cesta 40, 1000 Ljubljana",46.04732,14.54633,20,
818,BS MOL LJUBLJANA CELOVŠKA,Celovška c. 455,1210,46.09891,14.460958,address,"Celovška cesta 455, 1210 Ljubljana - Šentvid",46.09879,14.46109,17,
819,BS MOL LJUBLJANA ZALOŠKA JUG,Zaloška 158,1000,46.05628,14.562775,address,"Zaloška cesta 158, 1000 Ljubljana",46.05592,14.55872,315,
820,BS MOL LJUBLJANA ZALOŠKA SEVER,Zaloška 157,1000,46.056444,14.55814,address,"Zaloška cesta 157, 1000 Ljubljana",46.05635,14.54862,735,
821,BS MOL LJUTOMER,Kolodvorska 7a,9240,46.5289,16.19006,address,"Kolodvorska ulica 7a, 9240 Ljutomer",46.52882,16.19015,11,
822,BS MOL LOKEV,Lokev 1a,6219,45.66133,13.91942,address,"Lokev 1a, 6219 Lokev",45.66133,13.91942,0,
823,BS MOL LOPATA JUG,Lopata 80,3000,46.261718,15.22071,address,"Lopata 80, 3000 Celje",46.26162,15.22099,24,
824,BS MOL MARINA PORTOROŽ,Seča 188,6320,45.50526,13.59658,address,"Seča / Sezza 188, 6320 Portorož - Portorose",45.49895,13.61252,1427,
825,BS MOL LUCIJA VZHOD,Vinjole 29b,6320,45.50069,13.61044,address,"Vinjole / Vignole 29b, 6320 Portorož - Portorose",45.50069,13.61044,0,
826,BS MOL LUCIJA,Seča 188 a,6320,45.50043,13.61022,address,"Seča / Sezza 188a, 6320 Portorož - Portorose",45.50043,13.61022,0,
827,OMV LUKA,Vojkovo nabrežje 38,6000,45.554681,13.744175,address,"Vojkovo nabrežje / Riva Janko Premrl-Vojko 38, 6000 Koper - Capodistria",45.54882,13.73840,792,
828,BS MOL LUKOVICA,Koseskega cesta 4,1225,46.16606,14.6896,address,"Koseskega cesta 4, 1225 Lukovica",46.16606,14.68960,0,
829,BS MOL MARIBOR BOHOVA,Tržaška c. 83,2000,46.51809,15.65131,address,"Tržaška cesta 83, 2000 Maribor",46.51809,15.65132,1,
830,BS MOL MARIBOR PTUJSKA VZHOD,Ptujska cesta 225,2000,46.522349,15.679883,address,"Ptujska cesta 225, 2000 Maribor",46.52254,15.67965,28,
831,BS MOL MARIBOR PTUJSKA ZAHOD,Ptujska cesta 104,2000,46.53485,15.66165,address,"Ptujska cesta 104, 2000 Maribor",46.53485,15.66166,1,
832,BS MOL MARINA KOPER,Kopališko nabrežje 5,6000,45.55049,13.72786,address,"Kopališko nabrežje / Riva dei Bagni 5, 6000 Koper - Capodistria",45.54990,13.72778,66,
833,BS MOL MURSKA SOBOTA LENDAVSKA,Lendavska 60d,9000,46.66673,16.17698,address,"Lendavska ulica 60d, 9000 Murska Sobota",46.66672,16.17698,1,
834,BS MOL NOVA VAS,Nova vas 1a,1385,45.773401,14.504678,address,"Nova vas 1a, 1385 Nova Vas",45.77345,14.50465,6,
835,BS MOL NOVO MESTO LEVIČNIKOVA,Levičnikova c. 4,8000,45.804054,15.181842,address,"Levičnikova cesta 4, 8000 Novo mesto",45.80412,15.18179,8,
836,BS MOL NOVO MESTO LJUBLJANSKA,Ljubljanska cesta 11,8000,45.8139,15.153116666666667,address,"Ljubljanska cesta 11, 8000 Novo mesto",45.81370,15.15306,23,
837,BS MOL OBREŽJE JUG,Jesenice 36a,8261,45.854884,15.684443,address,"Jesenice 36a, 8261 Jesenice na Dolenjskem",45.85472,15.68449,19,
838,BS MOL ORMOŽ,Hardek 44d,2270,46.409754,16.160733,address,"Hardek 44d, 2270 Ormož",46.40947,16.16035,43,
839,BS MOL PESEK,Krvavi potok 25,6240,45.620425,13.906935,address,"Krvavi Potok 25, 6240 Kozina",45.62029,13.90694,15,
840,BS MOL PODGRAD,Podgrad 12a,6244,45.52107,14.14733,address,"Podgrad 12a, 6244 Podgrad",45.52107,14.14734,1,
841,BS MOL PORTOROŽ,Fizine 17,6320,45.515177,13.580759,address,"Fizine / Fisine 17, 6320 Portorož - Portorose",45.51633,13.58095,129,
842,BS MOL POSTOJNA TITOVA,Titova c.12,6230,45.77113,14.201277,address,"Titova cesta 12, 6230 Postojna",45.77104,14.20107,19,
843,BS MOL POSTOJNA TRŽAŠKA,Tržaška c. 60b,6230,45.772642,14.200028,address,"Tržaška cesta 60b, 6230 Postojna",45.77259,14.19991,11,
844,BS MOL RADOVLJICA JUG,Ljubljanska cesta 70,4240,46.33865,14.19095,address,"Ljubljanska cesta 70, 4240 Radovljica",46.33855,14.19068,24,
845,BS MOL RADOVLJICA SEVER,Ljubljanska cesta 71,4240,46.33934,14.19201,address,"Ljubljanska cesta 71, 4240 Radovljica",46.33954,14.19204,22,
846,BS MOL RAKEK,Partizanska 73a,1381,45.808113,14.329101,address,"Partizanska cesta 73a, 1381 Rakek",45.80806,14.32900,10,
847,BS MOL RAVBARKOMANDA VZHOD,Javorniška pot 9a,6230,45.78312588,14.22304178,address,"Javorniška pot 9a, 6230 Postojna",45.78290,14.22302,25,
848,BS MOL RAVBARKOMANDA ZAHOD,Javorniška pot 7a,6230,45.78536414,14.22271237,address,"Javorniška pot 7a, 6230 Postojna",45.78542,14.22271,6,
849,BS MOL ROŽNA DOLINA SEVER,Angela Besednjaka 8,5000,45.940972,13.640395,address,"Ulica Angela Besednjaka 8, 5000 Nova Gorica",45.94095,13.64042,3,
850,OMV RUŠE BEZENA,Bezena 99,2342,46.54981,15.53794,address,"Bezena 99, 2342 Ruše",46.54974,15.53798,8,
851,BS MOL SENOVO,Titova ulica 101c,8281,46.02489,15.47797,address,"Titova cesta 101c, 8281 Senovo",46.02485,15.47793,5,
852,BS MOL SENOŽEČE,Senožeče 10a,6224,45.72321,14.04572,address,"Senožeče 10a, 6224 Senožeče",45.72321,14.04572,0,
853,BS MOL SEŽANA,Partizanska 63a,6210,45.705649,13.863156,address,"Partizanska cesta 63a, 6210 Sežana",45.70561,13.86320,6,
854,BS MOL SLOVENSKA BISTRICA ŽOLGARJEVA,Žolgarjeva ulica 16,2310,46.385322,15.571972,address,"Žolgarjeva ulica 16, 2000 Maribor",46.54963,15.64207,19043,
855,BS MOL SLOVENSKE KONJICE,Liptovska 36a,3210,46.34068,15.41675,address,"Liptovska ulica 36a, 3210 Slovenske Konjice",46.34091,15.41658,29,
856,BS MOL SMEDNIK,Smednik 12a,8274,45.90773,15.37137,address,"Smednik 12a, 8274 Raka",45.90767,15.37100,29,
857,BS MOL SPODNJA IDRIJA,Vojkova ulica 24,5280,46.01699,14.0288,address,"Vojkova ulica 24, 5280 Idrija",46.01699,14.02881,1,
858,BS MOL SPODNJI DUPLEK,C. 4.julija 69,2241,46.501143,15.751535,address,"Cesta 4. julija 69, 2241 Spodnji Duplek",46.50138,15.75156,26,
859,BS MOL STARI TRG,C.Notranjskega odreda 5,1386,45.715829,14.470974,address,"Cesta Notranjskega odreda 5, 1386 Stari trg pri Ložu",45.71581,14.47087,8,
860,BS MOL STOJNCI,Stojnci 24,2281,46.380448,15.972496,address,"Stojnci 24, 2281 Markovci",46.38038,15.97258,10,
861,BS MOL ŠEMPAS,Šempas 160b,5261,45.917693,13.721916,address,"Šempas 160b, 5261 Šempas",45.91769,13.72174,14,
862,BS MOL ŠENTJUR,Ljubljanska c. 20a,3230,46.214942,15.38352,address,"Ljubljanska cesta 20a, 3230 Šentjur",46.21521,15.38258,78,
863,BS MOL ŠKOFIJE VZHOD,Sp.Škofije 260,6281,45.580603,13.797535,reverse,"Spodnje Škofije 260, 6281 Škofije",45.58060,13.79765,9,address not found
864,BS MOL ŠKOFIJE ZAHOD,Sp.Škofije 256a,6281,45.579851,13.796288,reverse,"Spodnje Škofije 256a, 6281 Škofije",45.57987,13.79632,3,address not found
865,BS MOL ŠKOFJA LOKA,Kidričeva 23a,4220,46.168842,14.31952,address,"Kidričeva cesta 23a, 4220 Škofja Loka",46.16876,14.31920,26,
866,BS MOL ŠMARJE,Srgaši 42a,6274,45.510467,13.707064,address,"Srgaši 42a, 6274 Šmarje",45.51050,13.70698,8,
867,BS MOL ŠTANJEL,Štanjel 80,6222,45.81842,13.84414,address,"Štanjel 80, 6222 Štanjel",45.81826,13.84408,18,
868,BS MOL TEPANJE,Tepanje 4b,3210,46.340828,15.469587,address,"Tepanje 4b, 3210 Slovenske Konjice",46.34079,15.46957,4,
869,BS MOL TREBNJE,Obrtniška 28,8210,45.910462,15.025649,address,"Obrtniška ulica 28, 8210 Trebnje",45.91032,15.02544,23,
870,BS MOL VELENJE PARTIZANSKA,Partizanska c. 15a,3320,46.359472,15.099174,address,"Partizanska cesta 15a, 3320 Velenje",46.35943,15.09932,12,
871,BS MOL VELENJE SELO,Selo 10a,3320,46.36972,15.13265,address,"Selo 10a, 3320 Velenje",46.36965,15.13254,11,
872,BS MOL VIPOLŽE,Vipolže 6b,5212,45.966782,13.540767,address,"Vipolže 6b, 5212 Dobrovo v Brdih",45.96686,13.54065,13,
873,BS MOL VIR DOMŽALE,Šaranovičeva c. 10a,1230,46.147666,14.60635,address,"Šaranovičeva cesta 10a, 1230 Domžale",46.14765,14.60626,7,
874,BS MOL VRTOJBA,Polje 6,5290,45.920878,13.631287,address,"Polje 6, 5290 Šempeter pri Gorici",45.92086,13.63146,14,
875,BS MOL ZAGRADEC,Zagradec 34,1303,45.85943,14.83524,address,"Zagradec 34, 1303 Zagradec",45.85955,14.83516,15,
876,BS MOL ZGORNJA POLSKAVA,Bukovec 1b,2314,46.43075,15.62705,address,"Bukovec 1b, 2314 Zgornja Polskava",46.43078,15.62703,4,
1548,BS MOL KIDRIČEVO,TOVARNIŠKA CESTA 8A,2325,46.404094,15.799085,address,"Tovarniška cesta 8a, 2325 Kidričevo",46.40417,15.79906,9,
1549,BS MOL ROGAŠKA SLATINA,TRŽIŠČE 12B,3250,46.2306674,15.6556409,address,"Tržišče 12b, 3250 Rogaška Slatina",46.23066,15.65563,1,
1550,"BS MOL CELJE, KIDRIČEVA",KIDRIČEVA ULICA 40,3000,46.234044,15.2961655,address,"Kidričeva ulica 40, 3000 Celje",46.23404,15.29627,8,
1551,BS MOL LITIJA,LJUBLJANSKA CESTA 10B,1270,46.057104,14.822957,address,"Ljubljanska cesta 10b, 1270 Litija",46.05717,14.82280,14,
1552,BS MOL KOČEVJE,LJUBLJANSKA CESTA 40,1330,45.6488405,14.8544269,address,"Ljubljanska cesta 40, 1330 Kočevje",45.64888,14.85443,4,
1553,BS MOL SLOVENSKA BISTRICA,LJUBLJANSKA CESTA 91,,46.38245,15.563571,reverse,"Ljubljanska cesta 91, 2310 Slovenska Bistrica",46.38230,15.56349,18,multiple addresses match
1554,BS MOL MURSKA SOBOTA,MALA NOVA ULICA 1,9000,46.6560676,16.1751469,address,"Mala nova ulica 1, 9000 Murska Sobota",46.65606,16.17531,12,
1555,BS MOL RIBNICA,MERHARJEVA ULICA 13,1310,45.738688,14.733154,address,"Merharjeva ulica 13, 1310 Ribnica",45.73879,14.73318,12,
1556,BS MOL LOGATEC,TRŽAŠKA 74A,1370,45.9166669,14.218824,address,"Tržaška cesta 74a, 1370 Logatec",45.91671,14.21879,5,
1557,"BS MOL CELJE, MARIBORSKA",MARIBORSKA CESTA 111,3000,46.2451779,15.2776158,address,"Mariborska cesta 111, 3000 Celje",46.24523,15.27745,14,
1558,BS MOL MURSKA SOBOTA,LENDAVSKA ULICA 75,9000,46.6676096,16.1767565,address,"Lendavska ulica 75, 9000 Murska Sobota",46.66762,16.17680,4,
1559,BS MOL PINCE,LENDAVSKA CESTA 44 A,9220,46.522006,16.51979,address,"Lendavska cesta / Lendvai út 44a, 9220 Lendava - Lendva",46.52241,16.51921,63,
1560,BS MOL ROŽNA DOLINA,ULICA ANGELA BESEDNJAKA 8A,5000,45.9404582,13.6399226,address,"Ulica Angela Besednjaka 8a, 5000 Nova Gorica",45.94046,13.63998,4,
1561,BS MOL RADVANJE MARIBOR,STRELIŠKA CESTA 16/A,2000,46.5360559,15.6202679,address,"Streliška cesta 16a, 2000 Maribor",46.53548,15.62091,81,
1562,BS MOL KOZINA,BAZOVIŠKA CESTA 18,6240,45.6090699,13.9336733,address,"Bazoviška cesta 18, 6240 Kozina",45.60906,13.93365,2,
1563,BS MOL GORNJA RADGONA,LJUTOMERSKA CESTA 12,,46.6699694,15.9961534,reverse,"Ljutomerska cesta 12, 9250 Gornja Radgona",46.66987,15.99614,11,multiple addresses match
1564,BS MOL HOČE,MIKLAVŠKA CESTA 80,2311,46.5005164,15.6550055,address,"Miklavška cesta 80, 2311 Hoče",46.50046,15.65510,10,
1565,BS MOL NOVO MESTO,MIRNOPEŠKA CESTA 4,8000,45.8211663,15.1506657,address,"Mirnopeška cesta 4, 8000 Novo mesto",45.82120,15.15047,16,
1566,BS MOL SEŽANA,PARTIZANSKA CESTA 69/B,,45.7050725,13.8608974,address,"Partizanska cesta 69b, 6210 Sežana",45.70515,13.86102,13,
1567,BS MOL SELNICA OB DRAVI,MARIBORSKA CESTA 10 C,,46.5523428,15.4977882,reverse,"Mariborska cesta 10c, 2352 Selnica ob Dravi",46.55225,15.49759,18,multiple addresses match
1568,BS MOL LORMANJE,LORMANJE 22D,2230,46.566917,15.8255,address,"Lormanje 22d, 2230 Lenart v Slov. goricah",46.56705,15.82586,31,
1569,BS MOL CELJE 3,MARIBORSKA 128,3000,46.244417,15.278217,address,"Mariborska cesta 128, 3000 Celje",46.24351,15.27909,121,
1570,BS MOL SLOVENSKE KONJICE,LIPTOVSKA CESTA 32B,,46.340083,15.418667,address,"Liptovska ulica 32b, 3210 Slovenske Konjice",46.34011,15.41850,13,
1571,BS MOL DRAMLJE,LAZE PRI DRAMLJAH 6B,3222,46.260293,15.3918165,address,"Laze pri Dramljah 6b, 3222 Dramlje",46.26040,15.39182,12,
1572,BS MOL MESTINJE,MESTINJE 2A,3241,46.2343558,15.5634657,address,"Mestinje 2a, 3241 Podplat",46.23444,15.56343,10,
1573,BS MOL MURSKA SOBOTA 3,BAKOVSKA 31/A,9000,46.645667,16.168083,address,"Bakovska ulica 31a, 9000 Murska Sobota",46.64420,16.16711,179,
1574,BS MOL KOČEVJE 2,REŠKA CESTA 25/A,1330,45.632833,14.864267,address,"Reška cesta 25a, 1330 Kočevje",45.63277,14.86408,16,
1575,BS MOL OTIŠKI VRH,OTIŠKI VRH 52,2373,46.5695,15.036667,address,"Otiški Vrh 52, 2373 Šentjanž pri Dravogradu",46.56958,15.03646,18,
1576,BS MOL POBREŽJE MARIBOR,ULICA VELJKA VLAHOVIČA 8,2000,46.546333,15.674833,address,"Ulica Veljka Vlahovića 8, 2000 Maribor",46.54643,15.67486,11,
1577,BS MOL PRESTRANEK,REŠKA CESTA 18/B,6258,45.728,14.188,address,"Reška cesta 18b, 6258 Prestranek",45.72807,14.18786,13,
1578,BS MOL LJUTOMER,KOLODVORSKA ULICA 2A,9240,46.526083,16.193583,address,"Kolodvorska ulica 2a, 9240 Ljutomer",46.52602,16.19345,12,
1579,BS MOL ŠENTILJ,MARIBORSKA CESTA 6,,46.677917,15.652583,reverse,"Mariborska cesta 6, 2212 Šentilj v Slov. goricah",46.67786,15.65260,6,multiple addresses match
1580,BS MOL PTUJ,PUHOVA ULICA 18A,2250,46.421507,15.88666,reverse,"Puhova ulica 19a, 2250 Ptuj",46.42153,15.88641,19,address not found
1581,BS MOL ZASAVJE,ZAVRŠJE 30,,46.1110129,15.0066052,address,"Završje 30, 1420 Trbovlje",46.11084,15.00658,19,
1582,BS MOL MIKLAVŽ,PTUJSKA CESTA 135,2204,46.496423,15.713914,address,"Ptujska cesta 135, 2204 Miklavž na Dravskem polju",46.49656,15.71370,22,
1583,BS MOL DRNOVO,VELIKA VAS PRI KRŠKEM 69,8273,45.920289,15.473747,address,"Velika vas pri Krškem 69, 8273 Leskovec pri Krškem",45.92014,15.47378,17,
1584,BS MOL ŠMARJE,CELJSKA CESTA 55,,46.228855,15.504098,reverse,"Celjska cesta 55, 3240 Šmarje pri Jelšah",46.22866,15.50418,23,multiple addresses match
1585,BS MOL ARCLIN,ARCLIN 101,3211,46.278837,15.300182,address,"Arclin 101, 3211 Škofja vas",46.27864,15.30024,22,
1586,BS MOL TRBOVLJE,VODENSKA CESTA 28A,,46.142862,15.036079,address,"Vodenska cesta 28a, 1420 Trbovlje",46.14297,15.03620,15,
1587,BS MOL LETUŠ,LETUŠ 11 D,3327,46.311732,15.026208,address,"Letuš 11d, 3327 Šmartno ob Paki",46.31188,15.02611,18,
1588,BS MOL SENOŽETI,SENOŽETI 93,,46.088644,14.716823,address,"Senožeti 93, 1262 Dol pri Ljubljani",46.08869,14.71678,6,
1589,BS MOL BTC,LETALIŠKA CESTA 24,1000,46.061644,14.564443,address,"Letališka cesta 24, 1000 Ljubljana",46.06163,14.56454,8,
1590,BS MOL RUDNIK,PREMRLOVA ULICA 10,1000,46.01729,14.530471,address,"Premrlova ulica 10, 1000 Ljubljana",46.01730,14.53032,12,
1591,BS MOL VODICE,ŠKOFJELOŠKA CESTA 14,,46.185997,14.487635,reverse,"Škofjeloška cesta 14, 1217 Vodice",46.18602,14.48750,11,multiple addresses match
1592,BS MOL AJDOVŠČINA,Mirce 10,5270,45.880481,13.905018,address,"Mirce 10, 5270 Ajdovščina",45.88065,13.90285,169,
1593,BS MOL BRATISLAVSKA,BRATISALVSKA CESTA 11,1000,46.062837,14.550083,reverse,"Španska ulica 1, 1000 Ljubljana",46.06283,14.54834,134,address not found
1921,PETROL MARIBOR - TRŽAŠKA 36,TRŽAŠKA CESTA 36,2000,46.53769944,15.64633113,address,"Tržaška cesta 36, 2000 Maribor",46.53768,15.64618,12,
1922,PETROL MARIBOR - MLINSKA,MLINSKA ULICA 33,2000,46.5573545,15.65508386,address,"Mlinska ulica 33, 2000 Maribor",46.55733,15.65493,12,
1923,PETROL ŠENTILJ AC - ZAHOD,CESTA 2. JULIJA 19,2212,46.68509786,15.64986497,address,"Cesta 2. julija 19, 2212 Šentilj v Slov. goricah",46.68507,15.64970,13,
1924,PETROL MARIBOR - PTUJSKA 136,PTUJSKA CESTA 136,2000,46.53249876,15.66655604,address,"Ptujska cesta 136, 2000 Maribor",46.53246,15.66632,19,
1925,PETROL MARIBOR - VALVASORJEVA,VALVASORJEVA ULICA 51,2000,46.555036,15.633782,address,"Valvasorjeva ulica 51, 2000 Maribor",46.55492,15.63378,13,
1926,PETROL SLOVENSKA BISTRICA - LJUBLJANSKA ZAHOD,LJUBLJANSKA CESTA 74,2310,46.38470725,15.5654534,address,"Ljubljanska cesta 74, 2310 Slovenska Bistrica",46.38469,15.56519,20,
1927,PETROL MARIBOR - GOSPOSVETSKA SEVER,GOSPOSVETSKA CESTA 92,2000,46.56386643,15.62682805,address,"Gosposvetska cesta 92, 2000 Maribor",46.56385,15.62668,11,
1928,PETROL SOLKAN,CESTA IX. KORPUSA 67,5250,45.96778633,13.64164681,address,"Cesta IX. korpusa 67, 5250 Solkan",45.96778,13.64175,8,
1929,PETROL MARIBOR - PARTIZANSKA,PARTIZANSKA CESTA 58,2000,46.56486151,15.65925818,address,"Partizanska cesta 58, 2000 Maribor",46.56476,15.65914,14,
1930,PETROL MARIBOR - PTUJSKA 111,PTUJSKA CESTA 111,2000,46.53248364,15.66759889,address,"Ptujska cesta 111, 2000 Maribor",46.53248,15.66759,1,
1931,PETROL RUŠE,INDUSTRIJSKA ULICA 4,2342,46.54026886,15.51724169,address,"Industrijska ulica 4, 2342 Ruše",46.54017,15.51701,21,
1932,PETROL PRAGERSKO,PTUJSKA CESTA 20,2331,46.39511839,15.65879604,address,"Ptujska cesta 20, 2331 Pragersko",46.39514,15.65854,20,
1933,PETROL RAČE,LJUBLJANSKA CESTA 22,2327,46.45289915,15.67336264,address,"Ljubljanska cesta 22, 2327 Rače",46.45278,15.67307,26,
1934,PETROL MARIBOR - TRŽAŠKA 10,TRŽAŠKA CESTA 10,2000,46.54123587,15.64785997,address,"Tržaška cesta 10, 2000 Maribor",46.54123,15.64762,18,
1935,PETROL ŠEMPETER PRI GORICI - PADLIH BORCEV,ULICA PADLIH BORCEV 2,5290,45.92923326,13.64146317,address,"Ulica padlih borcev 2, 5290 Šempeter pri Gorici",45.92923,13.64157,8,
1936,PETROL ŠENTILJ - MARIBORSKA,MARIBORSKA CESTA 49,2212,46.67188025,15.66080301,address,"Mariborska cesta 49, 2212 Šentilj v Slov. goricah",46.67186,15.66064,13,
1937,PETROL STARŠE,STARŠE 78A,2205,46.46753906,15.76300861,address,"Starše 78a, 2205 Starše",46.46765,15.76281,20,
1938,PETROL POLJČANE,BISTRIŠKA CESTA 93,2319,46.309005,15.577384,address,"Bistriška cesta 93, 2319 Poljčane",46.30900,15.57740,1,
1939,PETROL SLIVNICA ZAHOD,POT K ČRPALKI 5,2312,46.482509,15.654919,address,"Pot k črpalki 5, 2312 Orehova vas",46.48248,15.65463,22,
1940,PETROL MARIBOR - GOSPOSVETSKA JUG,GOSPOSVETSKA CESTA 81,2000,46.56349021,15.62652364,address,"Gosposvetska cesta 81, 2000 Maribor",46.56345,15.62621,24,
1941,PETROL OPLOTNICA,PARTIZANSKA CESTA 31,2317,46.38403,15.448916,address,"Partizanska cesta 31, 2317 Oplotnica",46.38405,15.44874,14,
1942,PETROL SELNICA OB DRAVI,MARIBORSKA CESTA 46,2352,46.54934191,15.4860149,address,"Mariborska cesta 46, 2352 Selnica ob Dravi",46.54924,15.48585,17,
1943,PETROL MARIBOR - NA POLJANAH,NA POLJANAH 10,2000,46.551953,15.630002,address,"Na Poljanah 10, 2000 Maribor",46.55194,15.62985,12,
1944,PETROL LOVRENC NA POHORJU,MARIBORSKA CESTA 43,2344,46.54696377,15.40182431,address,"Mariborska cesta 43, 2344 Lovrenc na Pohorju",46.54701,15.40161,17,
1945,PETROL ŠENTILJ AC - VZHOD,CESTA 2. JULIJA 22,2212,46.6859127,15.65055471,address,"Cesta 2. julija 22, 2212 Šentilj v Slov. goricah",46.68589,15.65039,13,
1946,PETROL SREDIŠČE OB DRAVI,SLOVENSKA CESTA 91A,2277,46.394433,16.277736,address,"Slovenska cesta 91a, 2277 Središče ob Dravi",46.39449,16.27809,28,
1947,PETROL NOVA GORICA - VOJKOVA VZHOD,VOJKOVA CESTA 51,5000,45.962335,13.649495,address,"Vojkova cesta 51, 5000 Nova Gorica",45.96233,13.64960,8,
1948,PETROL MOŠKANJCI,MOŠKANJCI 1G,2272,46.41689,15.985636,reverse,"Moškanjci 1, 2272 Gorišnica",46.41740,15.98706,123,address not found
1949,PETROL PODLEHNIK AC - VZHOD,STANOŠINA 35,2286,46.326604,15.880214,address,"Stanošina 35, 2286 Podlehnik",46.32686,15.88009,30,
1950,PETROL IDRIJA,VOJKOVA ULICA 27,5280,46.00620792,14.02764615,address,"Vojkova ulica 27, 5280 Idrija",46.00621,14.02771,5,
1951,PETROL LENART,KRAIGHERJEVA ULICA 40,2230,46.58401138,15.84030408,address,"Kraigherjeva ulica 40, 2230 Lenart v Slov. goricah",46.58400,15.84012,14,
1952,PETROL ROŽNA DOLINA,VIPAVSKA CESTA 3A,5000,45.942191,13.638451,address,"Vipavska cesta 3a, 5000 Nova Gorica",45.94218,13.63855,8,
1953,PETROL ČRNCI,ČRNCI 47A,9253,46.69630599,15.88782207,address,"Črnci 47a, 9253 Apače",46.69611,15.88867,68,
1954,PETROL MARIBOR - POBREŽJE,ČUFARJEVA CESTA 10,2000,46.5542838,15.66939413,address,"Čufarjeva cesta 10, 2000 Maribor",46.55426,15.66924,12,
1955,PETROL MOST NA SOČI,MOST NA SOČI 51B,5216,46.15283904,13.74145196,address,"Most na Soči 51b, 5216 Most na Soči",46.15282,13.74152,6,
1956,PETROL MARIBOR - PTUJSKA 188,PTUJSKA CESTA 188,2000,46.52829802,15.67244913,address,"Ptujska cesta 188, 2000 Maribor",46.52828,15.67229,12,
1957,PETROL KOBARID,GORIŠKA CESTA 8,5222,46.2417162,13.58250354,address,"Goriška cesta 8, 5222 Kobarid",46.24168,13.58259,8,
1958,PETROL KANAL OB SOČI,KIDRIČEVA CESTA 10A,5213,46.08786527,13.63259475,address,"Kidričeva cesta 10a, 5213 Kanal",46.08791,13.63276,14,
1959,PETROL ŠEMPETER PRI GORICI - PREKOMORSKIH BRIGAD,CESTA PREKOMORSKIH BRIGAD 64A,5290,45.93235392,13.63826623,address,"Cesta Prekomorskih brigad 64a, 5290 Šempeter pri Gorici",45.93235,13.63837,8,
1960,PETROL MIREN,MIREN 13D,5291,45.898043,13.608726,address,"Miren 13d, 5291 Miren",45.89797,13.60886,13,
1961,PETROL LJUTOMER,PREŠERNOVA ULICA 19,9240,46.52201409,16.19426906,address,"Prešernova ulica 19, 9240 Ljutomer",46.52201,16.19427,0,
1962,PETROL LENDAVA,KOLODVORSKA ULICA 8A,9220,46.55996722,16.44790177,address,"Kolodvorska ulica / Vasut utca 8a, 9220 Lendava - Lendva",46.56011,16.44752,33,
1963,PETROL ROGAŠOVCI,SVETI JURIJ 7A,9262,46.798925,16.03618722,address,"Sveti Jurij 7a, 9262 Rogašovci",46.79881,16.03583,30,
1964,PETROL DOLNJI LAKOŠ,GLAVNA ULICA 3,9220,46.55372124,16.44233518,reverse,"Glavna ulica / Fő utca 3, 9220 Lendava - Lendva",46.55379,16.44213,17,multiple addresses match
1965,PETROL RADENCI,RADGONSKA CESTA 14,9252,46.64504675,16.03435514,address,"Radgonska cesta 14, 9252 Radenci",46.64502,16.03414,17,
1966,PETROL BELTINCI,PANONSKA ULICA 2B,9231,46.6116377,16.22745614,address,"Panonska ulica 2b, 9231 Beltinci",46.61163,16.22722,18,
1967,PETROL KRIŽEVCI,KLJUČAROVCI PRI LJUTOMERU 83,9242,46.55783512,16.14313338,address,"Ključarovci pri Ljutomeru 83, 9242 Križevci pri Ljutomeru",46.55783,16.14290,18,
1968,PETROL DOBROVNIK,DOBROVNIK 4A,9223,46.65099893,16.35338368,address,"Dobrovnik / Dobronak 4a, 9223 Dobrovnik - Dobronak",46.65098,16.35325,10,
1969,PETROL ODRANCI,NASELJE GREDICE 1A,9233,46.58197141,16.28224598,address,"Naselje Gredice 1a, 9233 Odranci",46.58197,16.28201,18,
1970,PETROL GORNJA RADGONA - MELE,LJUTOMERSKA CESTA 36,9250,46.66198841,16.01446177,address,"Ljutomerska cesta 36, 9250 Gornja Radgona",46.66215,16.01372,59,
1971,PETROL MARTJANCI,MARTJANCI 83B,9221,46.68760198,16.19649434,address,"Martjanci 83b, 9221 Martjanci",46.68758,16.19626,18,
1972,PETROL MURSKA SOBOTA - TIŠINSKA JUG,TIŠINSKA ULICA 29D,9000,46.651421,16.14565,address,"Tišinska ulica 29d, 9000 Murska Sobota",46.65162,16.14582,26,
1973,PETROL GODOVIČ,GODOVIČ 2B,5275,45.95665729,14.09433635,address,"Godovič 2b, 5275 Godovič",45.95667,14.09439,4,
1974,PETROL CANKOVA,CANKOVA 35,9261,46.71906544,16.02095244,address,"Cankova 35, 9261 Cankova",46.71920,16.02083,18,
1975,PETROL KUZMA,KUZMA 26B,9263,46.834052,16.081947,address,"Kuzma 26b, 9263 Kuzma",46.83368,16.08227,48,
1976,PETROL GRABONOŠ AC - SEVER,GRABONOŠ 4D,9244,46.585173,16.007142,address,"Grabonoš 4d, 9244 Sveti Jurij ob Ščavnici",46.58494,16.00723,27,
1977,PETROL MARIBOR - AC ZAHOD,NA POLJU 24,2000,46.532935,15.699297,address,"Na polju 24, 2000 Maribor",46.53345,15.69938,58,
1978,PETROL MARIBOR - AC VZHOD,NA POLJU 20,2000,46.531265,15.701209,address,"Na polju 20, 2000 Maribor",46.53078,15.70066,68,
1979,PETROL VUČJA VAS,BUČEČOVCI 4B,9242,46.590862,16.107841,address,"Bučečovci 4b, 9242 Križevci pri Ljutomeru",46.59083,16.10784,4,
1980,PETROL DORNBERK,DRAGA 18A,5294,45.88507011,13.73292985,address,"Draga 18a, 5294 Dornberk",45.88507,13.73302,7,
1981,PETROL NOVA GORICA - GRČNA,VOJKOVA CESTA 68,5000,45.95320889,13.65237464,address,"Vojkova cesta 68, 5000 Nova Gorica",45.95314,13.65230,10,
1982,PETROL AJDOVŠČINA - GORIŠKA,GORIŠKA CESTA 29,5270,45.88663093,13.89897002,address,"Goriška cesta 29, 5270 Ajdovščina",45.88664,13.89904,6,
1983,PETROL GOLO BRDO V BRDIH,GOLO BRDO 10B,5212,46.054382,13.497999,address,"Golo Brdo 10b, 5212 Dobrovo v Brdih",46.05437,13.49797,3,
1984,PETROL NOVA GORICA - VOJKOVA ZAHOD,VOJKOVA CESTA 52,5000,45.96223076,13.64898236,address,"Vojkova cesta 52, 5000 Nova Gorica",45.96222,13.64908,8,
1985,PETROL ŠEMPAS,ŠEMPAS 161A,5261,45.93039187,13.73978149,address,"Šempas 161a, 5261 Šempas",45.93039,13.73987,7,
1986,PETROL BOVEC,DVOR 44,5230,46.33279417,13.54135681,address,"Dvor 44, 5230 Bovec",46.33275,13.54144,8,
1987,PETROL ČRNI VRH,ČRNI VRH 121,5274,45.92556913,14.05336933,address,"Črni Vrh 121, 5274 Črni Vrh nad Idrijo",45.92558,14.05342,4,
1988,PETROL DESKLE,SREBRNIČEVA ULICA 4,5210,46.05406598,13.61904093,address,"Srebrničeva ulica 4, 5210 Deskle",46.05409,13.61912,7,
1989,PETROL TOLMIN,TRG MARŠALA TITA 18,5220,46.18282816,13.73383929,address,"Trg maršala Tita 18, 5220 Tolmin",46.18281,13.73391,6,
1990,"PETROL KOPER, SERMIN",SERMIN 7D,6000,45.55178982,13.76037054,address,"Sermin / Sermin 7d, 6000 Koper - Capodistria",45.55183,13.76048,10,
1991,PETROL PODBRDO,PODBRDO 60C,5243,46.206127,13.959792,address,"Podbrdo 60c, 5243 Podbrdo",46.20611,13.95984,4,
1992,PETROL LIPICA,LIPICA 26,6210,45.6554886,13.88112209,address,"Lipica 26, 6210 Sežana",45.65552,13.88122,8,
1993,PETROL SEŽANA,PARTIZANSKA CESTA 147,6210,45.702385,13.84361,address,"Partizanska cesta 147, 6210 Sežana",45.70242,13.84341,16,
1994,PETROL JAGODJE - JUG,JAGODJE 10,6310,45.52451738,13.6508096,address,"Jagodje / Jagodje 10, 6310 Izola - Isola",45.52456,13.65093,11,
1995,PETROL ILIRSKA BISTRICA,VILHARJEVA CESTA 33C,6250,45.575503,14.23202,address,"Vilharjeva cesta 33c, 6250 Ilirska Bistrica",45.57541,14.23204,10,
1996,PETROL POSTOJNA,REŠKA CESTA 5,6230,45.76695944,14.19834697,address,"Reška cesta 5, 6230 Postojna",45.76698,14.19839,4,
1997,PETROL VRTOJBA AC - SEVER,MEDNARODNI PREHOD 1A,5290,45.920547,13.628483,address,"Mednarodni prehod 1a, 5290 Šempeter pri Gorici",45.92049,13.62827,18,
1998,PETROL JAGODJE - SEVER,JAGODJE 9,6310,45.52595915,13.64867549,address,"Jagodje / Jagodje 9, 6310 Izola - Isola",45.52620,13.64906,40,
1999,PETROL CERKNO,GORIŠKA CESTA 37,5282,46.11808413,13.97148427,address,"Goriška cesta 37, 5282 Cerkno",46.11807,13.97154,5,
2000,PETROL VRTOJBA AC - JUG,MEDNARODNI PREHOD 4A,5290,45.91934,13.627636,address,"Mednarodni prehod 4a, 5290 Šempeter pri Gorici",45.91933,13.62774,8,
2001,PETROL VIPAVA,GORIŠKA CESTA 41,5271,45.8488706,13.95468545,address,"Goriška cesta 41, 5271 Vipava",45.84889,13.95476,6,
2002,PETROL AJŠEVICA,AJŠEVICA 19,5000,45.9530272,13.69107053,address,"Ajševica 19, 5000 Nova Gorica",45.95311,13.69089,17,
2003,PETROL CERKNICA,CESTA 4. MAJA 3A,1380,45.78853568,14.36984285,address,"Cesta 4. maja 3a, 1380 Cerknica",45.78857,14.36986,4,
2004,PETROL KOPER - ŠMARSKA,ŠMARSKA CESTA 5F,6000,45.53250448,13.73568232,address,"Šmarska cesta / Strada di Šmarje 5f, 6000 Koper - Capodistria",45.53255,13.73579,10,
2005,"PETROL IZOLA, INDUSTRIJSKA",INDUSTRIJSKA CESTA 9B,6310,45.535631,13.671735,address,"Industrijska cesta / Strada dell'Industria 9b, 6310 Izola - Isola",45.53549,13.67157,20,
2006,PETROL HRPELJE,REŠKA CESTA 51,6240,45.604489,13.949959,address,"Reška cesta 51, 6240 Kozina",45.60471,13.95004,25,
2007,PETROL ŠTALONI,KOZARNO 1B,5212,46.00171653,13.51782499,address,"Kozarno 1b, 5212 Dobrovo v Brdih",46.00171,13.51794,9,
2008,PETROL ŠEMPAS AC - JUG,ŠEMPAS 160C,5261,45.917,13.719403,address,"Šempas 160c, 5261 Šempas",45.91700,13.71950,8,
2009,PETROL KOZINA AC - VZHOD,BAZOVIŠKA CESTA 23A,6240,45.60515,13.928699,address,"Bazoviška cesta 23a, 6240 Kozina",45.60497,13.92867,20,
2010,PETROL ORMOŽ,KOLODVORSKA CESTA 5,2270,46.40764081,16.15117853,address,"Kolodvorska cesta 5, 2270 Ormož",46.40765,16.15096,17,
2011,PETROL PTUJ - ORMOŠKA 25,ORMOŠKA CESTA 25,2250,46.41703099,15.8826979,address,"Ormoška cesta 25, 2250 Ptuj",46.41704,15.88251,14,
2012,PETROL HAJDOŠE,HAJDOŠE 43D,2288,46.42559375,15.82734335,address,"Hajdoše 43d, 2288 Hajdina",46.42561,15.82737,3,
2013,PETROL MAJŠPERK,MAJŠPERK 55A,2322,46.3487854,15.73672014,address,"Majšperk 55a, 2322 Majšperk",46.34875,15.73664,7,
2014,PETROL PTUJ - ORMOŠKA 26/B,ORMOŠKA CESTA 26B,2250,46.41676013,15.88049476,address,"Ormoška cesta 26b, 2250 Ptuj",46.41671,15.88022,22,
2015,PETROL PTUJ - OSOJNIKOVA,OSOJNIKOVA CESTA 10,2250,46.42711936,15.8836554,address,"Osojnikova cesta 10, 2250 Ptuj",46.42712,15.88347,14,
2016,PETROL AJDOVŠČINA - VIPAVSKA,VIPAVSKA CESTA 4C,5270,45.88288,13.90989,address,"Vipavska cesta 4c, 5270 Ajdovščina",45.88272,13.91091,81,
2017,PETROL DOLGA VAS,GLAVNA ULICA 200,9220,46.59372345,16.46019878,address,"Glavna ulica / Fő utca 200, 9220 Lendava - Lendva",46.59372,16.45992,21,
2018,PETROL MURSKA SOBOTA AC - SEVER,BAKOVSKA ULICA 53,9000,46.635944,16.166272,address,"Bakovska ulica 53, 9000 Murska Sobota",46.63593,16.16604,18,
2019,PETROL MURSKA SOBOTA AC - JUG,BAKOVSKA ULICA 51,9000,46.634461,16.164346,address,"Bakovska ulica 51, 9000 Murska Sobota",46.63450,16.16416,15,
2020,PETROL VOSEK,VOSEK 22A,2231,46.59570289,15.70616915,address,"Vosek 22a, 2231 Pernica",46.59571,15.70636,15,
2021,PETROL SLOVENSKA BISTRICA - LJUBLJANSKA KROŽIŠČE,LJUBLJANSKA CESTA 45,2310,46.387184,15.569006,address,"Ljubljanska cesta 45, 2310 Slovenska Bistrica",46.38702,15.56911,20,
2022,PETROL PTUJ - ZAGREBŠKA,ZAGREBŠKA CESTA 49B,2250,46.40705215,15.866315,address,"Zagrebška cesta 49b, 2250 Ptuj",46.40706,15.86613,14,
2023,PETROL MARIBOR - PUHOVA,PUHOVA ULICA 3,2000,46.54782826,15.67767389,address,"Puhova ulica 3, 2000 Maribor",46.54781,15.67752,12,
2024,PETROL PTUJ - DORNAVSKA,DORNAVSKA CESTA 6B,2250,46.42336766,15.88908401,address,"Dornavska cesta 6b, 2250 Ptuj",46.42587,15.89347,436,
2025,PETROL MARIBOR - TRŽAŠKA 11,TRŽAŠKA CESTA 11,2000,46.53817035,15.64737991,address,"Tržaška cesta 11, 2000 Maribor",46.53831,15.64736,16,
2026,PETROL LORMANJE AC - JUG,LORMANJE 22C,2230,46.564825,15.826899,address,"Lormanje 22c, 2230 Lenart v Slov. goricah",46.56433,15.82701,56,
2027,PETROL PINCE AC - JUG,PINCE-MAROF 55,9220,46.521752,16.51791,address,"Pince-Marof / Pince major 55, 9220 Lendava - Lendva",46.52175,16.51792,1,
2028,PETROL SLIVNICA VZHOD,LJUBLJANSKA CESTA 61,2311,46.493923,15.652196,address,"Ljubljanska cesta 61, 2311 Hoče",46.49431,15.65252,50,
2029,PETROL MURSKA SOBOTA - PLESE,PANONSKA ULICA 5,9000,46.656739,16.178624,reverse,"Panonska ulica 5, 9000 Murska Sobota",46.65676,16.17853,8,multiple addresses match
2030,PETROL POVIR AC - JUG,POVIR 95,6210,45.703393,13.940151,address,"Povir 95, 6210 Sežana",45.70342,13.94024,8,
2031,PETROL POVIR AC - SEVER,POVIR 96,6210,45.703632,13.941688,address,"Povir 96, 6210 Sežana",45.70378,13.94177,18,
2032,PETROL VIPAVA AC - SEVER,GORIŠKA CESTA 3A,5271,45.829264,13.958807,address,"Goriška cesta 3a, 5271 Vipava",45.82934,13.95865,15,
2033,PETROL PIVKA,POSTOJNSKA CESTA 20A,6257,45.68611881,14.19717139,address,"Postojnska cesta 20a, 6257 Pivka",45.68610,14.19717,2,
2034,PETROL KOPER - KOLODVORSKA,KOLODVORSKA CESTA 3A,6000,45.542714,13.735513,address,"Kolodvorska cesta / Strada della Stazione 3a, 6000 Koper - Capodistria",45.54270,13.73555,3,
2035,PETROL IZOLA MANDRAČ,VELIKI TRG 0N,6310,45.538539,13.65634,reverse,"Veliki trg / Piazza Grande 1, 6310 Izola - Isola",45.53823,13.65711,69,missing house number
2036,PETROL LJUBLJANA - CELOVŠKA 226,CELOVŠKA CESTA 226,1000,46.081849,14.479525,address,"Celovška cesta 226, 1000 Ljubljana",46.08183,14.47968,12,
2037,PETROL LJUBLJANA - RAKOVNIK,DOLENJSKA CESTA 136A,1000,46.03323598,14.52693479,address,"Dolenjska cesta 136a, 1000 Ljubljana",46.03325,14.52693,2,
2038,PETROL LJUBLJANA - ŠMARTINSKA 45,ŠMARTINSKA CESTA 45,1000,46.0630141,14.52518352,address,"Šmartinska cesta 45, 1000 Ljubljana",46.06305,14.52525,6,
2039,PETROL LJUBLJANA - DUNAJSKA 130,DUNAJSKA CESTA 130,1000,46.078052,14.512668,address,"Dunajska cesta 130, 1000 Ljubljana",46.07815,14.51270,11,
2040,PETROL LJUBLJANA - TRŽAŠKA 44,TRŽAŠKA CESTA 44,1000,46.04443147,14.48517761,address,"Tržaška cesta 44, 1000 Ljubljana",46.04444,14.48518,1,
2041,PETROL LJUBLJANA - TRŽAŠKA 131A,TRŽAŠKA CESTA 131A,1000,46.03869769,14.47088774,address,"Tržaška cesta 131a, 1000 Ljubljana",46.03863,14.47096,9,
2042,PETROL LJUBLJANA - ZALOŠKA,ZALOŠKA CESTA 60A,1000,46.05587096,14.53893203,address,"Zaloška cesta 60a, 1000 Ljubljana",46.05581,14.53885,9,
2043,PETROL LJUBLJANA - RUDNIK VZHOD,DOLENJSKA CESTA 157A,1000,46.01990066,14.54272853,address,"Dolenjska cesta 157a, 1000 Ljubljana",46.01991,14.54272,1,
2044,PETROL LJUBLJANA - DUNAJSKA 133,DUNAJSKA CESTA 133,1000,46.07883295,14.51209267,address,"Dunajska cesta 133, 1000 Ljubljana",46.07886,14.51202,6,
2045,PETROL LJUBLJANA - ŠMARTINSKA 101,ŠMARTINSKA CESTA 101,1000,46.066152,14.531219,address,"Šmartinska cesta 101, 1000 Ljubljana",46.06611,14.53104,15,
2046,PETROL LJUBLJANA - TRŽAŠKA 130,TRŽAŠKA CESTA 130,1000,46.03844761,14.46933955,address,"Tržaška cesta 130, 1000 Ljubljana",46.03864,14.46949,24,
2047,PETROL LJUBLJANA - CELOVŠKA 251,CELOVŠKA CESTA 251,1000,46.08132492,14.47901865,address,"Celovška cesta 251, 1000 Ljubljana",46.08134,14.47901,2,
2048,PETROL LJUBLJANA - TIVOLSKA,TIVOLSKA CESTA 43,1000,46.0580724,14.50344546,address,"Tivolska cesta 43, 1000 Ljubljana",46.05808,14.50344,1,
2049,PETROL LJUBLJANA - ŠMARTINSKA 150,ŠMARTINSKA CESTA 150,1000,46.06921194,14.54248084,address,"Šmartinska cesta 150, 1000 Ljubljana",46.06920,14.54246,2,
2050,PETROL LJUBLJANA - CELOVŠKA 148,CELOVŠKA CESTA 148,1000,46.07303365,14.48691567,address,"Celovška cesta 148, 1000 Ljubljana",46.07313,14.48684,12,
2051,PETROL LJUBLJANA - POLJE,ZALOŠKA CESTA 166,1260,46.053796,14.587178,address,"Zaloška cesta 166, 1260 Ljubljana - Polje",46.05377,14.58732,11,
2052,PETROL LJUBLJANA - TRNOVO,RIHARJEVA ULICA 31,1000,46.03925962,14.50003317,address,"Riharjeva ulica 31, 1000 Ljubljana",46.03927,14.50003,1,
2053,PETROL DOBROVA,POLHOGRAJSKA CESTA 12,1356,46.0520304,14.42151956,address,"Polhograjska cesta 12, 1356 Dobrova",46.05211,14.42156,9,
2054,PETROL PODPEČ,JEZERO 103,1352,45.973133,14.422124,address,"Jezero 103, 1352 Preserje",45.97324,14.42219,13,
2055,"PETROL LJUBLJANA - ČRNUČE, DUNAJSKA",DUNAJSKA CESTA 460,1231,46.10458934,14.54127278,address,"Dunajska cesta 460, 1231 Ljubljana - Črnuče",46.10452,14.54127,8,
2056,PETROL LJUBLJANA - DUNAJSKA 70,DUNAJSKA CESTA 70,1000,46.06882986,14.51074492,address,"Dunajska cesta 70, 1000 Ljubljana",46.06887,14.51092,14,
2057,PETROL LJUBLJANA - RUDNIK ZAHOD,DOLENJSKA CESTA 242F,1000,46.01990756,14.54219888,address,"Dolenjska cesta 242f, 1000 Ljubljana",46.01992,14.54219,2,
2058,PETROL ZADVOR,CESTA II. GRUPE ODREDOV 48,1261,46.03588324,14.59614121,address,"Cesta II. grupe odredov 48, 1261 Ljubljana - Dobrunje",46.03589,14.59613,1,
2059,PETROL LJUBLJANA AC - BARJE SEVER,CESTA DVEH CESARJEV 71,1000,46.029136,14.481739,address,"Cesta dveh cesarjev 71, 1000 Ljubljana",46.02904,14.48197,21,
2060,PETROL LJUBLJANA AC - BARJE JUG,CESTA DVEH CESARJEV 73,1000,46.028806,14.478422,address,"Cesta dveh cesarjev 73, 1000 Ljubljana",46.02898,14.47836,20,
2061,PETROL BLED - LJUBLJANSKA JUG,LJUBLJANSKA CESTA 30,4260,46.36846888,14.11723896,address,"Ljubljanska cesta 30, 4260 Bled",46.36844,14.11726,4,
2062,PETROL DOMŽALE - LJUBLJANSKA,LJUBLJANSKA CESTA 2,1230,46.13555764,14.58035495,address,"Ljubljanska cesta 2, 1230 Domžale",46.13593,14.58072,50,
2063,PETROL KRANJ - ZLATO POLJE ZAHOD,KOROŠKA CESTA 53B,4000,46.247434,14.349614,address,"Koroška cesta 53b, 4000 Kranj",46.24740,14.34960,4,
2064,PETROL LITIJA - LJUBLJANSKA,LJUBLJANSKA CESTA 8,1270,46.05721177,14.82416328,address,"Ljubljanska cesta 8, 1270 Litija",46.05723,14.82412,4,
2065,PETROL LOGATEC,TRŽAŠKA CESTA 21,1370,45.91699729,14.22441176,address,"Tržaška cesta 21, 1370 Logatec",45.91702,14.22426,12,
2066,PETROL RADOVLJICA - KRANJSKA,KRANJSKA CESTA 20,4240,46.34605506,14.1817862,address,"Kranjska cesta 20, 4240 Radovljica",46.34603,14.18180,3,
2067,PETROL TRBOVLJE - TRG REVOLUCIJE,TRG REVOLUCIJE 8A,1420,46.14637991,15.04055907,address,"Trg revolucije 8a, 1420 Trbovlje",46.14604,15.04017,48,
2068,PETROL TRŽIČ - VZHOD,CESTA STE MARIE AUX MINES 13A,4290,46.35376615,14.2930683,address,"Cesta Ste Marie aux Mines 13a, 4290 Tržič",46.35374,14.29308,3,
2069,PETROL VRHNIKA - LJUBLJANSKA ZAHOD,LJUBLJANSKA CESTA 3,1360,45.968275,14.299194,address,"Ljubljanska cesta 3, 1360 Vrhnika",45.96825,14.29904,12,
2070,PETROL ZAGORJE OB SAVI,CESTA ZMAGE 51B,1410,46.1272492,14.99353794,address,"Cesta zmage 51b, 1410 Zagorje ob Savi",46.12902,14.99705,335,
2071,PETROL DOMŽALE - ČEŠMINOVA,ČEŠMINOVA ULICA 1,1230,46.146469,14.599615,reverse,"Češminova ulica 1, 1230 Domžale",46.14654,14.59969,10,multiple addresses match
2072,PETROL MENGEŠ - SLOVENSKA,SLOVENSKA CESTA 83,1234,46.157861,14.569698,address,"Slovenska cesta 83, 1234 Mengeš",46.15787,14.56968,2,
2073,PETROL RATEČE,RATEČE 88A,4283,46.497066,13.708622,address,"Rateče 88a, 4283 Rateče Planica",46.49717,13.70873,14,
2074,PETROL KRANJ - LABORE,LJUBLJANSKA CESTA 23,4000,46.229097,14.354692,address,"Ljubljanska cesta 23, 4000 Kranj",46.22892,14.35459,21,
2075,PETROL ZGORNJE JEZERSKO,ZGORNJE JEZERSKO 65A,4206,46.39473412,14.50115773,address,"Zgornje Jezersko 65a, 4206 Zgornje Jezersko",46.39466,14.50094,19,
2076,PETROL ŽELEZNIKI,ČEŠNJICA 55,4228,46.22626724,14.17252414,address,"Češnjica 55, 4228 Železniki",46.22625,14.17255,3,
2077,PETROL KRANJ - ZLATO POLJE VZHOD,KOROŠKA CESTA 18A,4000,46.24951232,14.3478394,address,"Koroška cesta 18a, 4000 Kranj",46.24956,14.34767,14,
2078,PETROL JESENICE - MARŠALA TITA,CESTA MARŠALA TITA 113,4270,46.44194598,14.03643803,address,"Cesta maršala Tita 113, 4270 Jesenice",46.44191,14.03647,5,
2079,PETROL CERKLJE NA GORENJSKEM,SLOVENSKA CESTA 52,4207,46.247136,14.485884,address,"Slovenska cesta 52, 4207 Cerklje na Gorenjskem",46.24719,14.48608,16,
2080,PETROL ŠKOFJA LOKA - TRATA,KIDRIČEVA CESTA 57A,4220,46.17302892,14.33101817,address,"Kidričeva cesta 57a, 4220 Škofja Loka",46.17302,14.33103,1,
2081,BS BLED - LJUBLJANSKA SEVER,LJUBLJANSKA CESTA 15A,4260,46.368737,14.115882,address,"Ljubljanska cesta 15a, 4260 Bled",46.36871,14.11590,3,
2082,PETROL KAMNIK - LJUBLJANSKA,LJUBLJANSKA CESTA 10A,1241,46.21205029,14.59993502,address,"Ljubljanska cesta 10a, 1241 Kamnik",46.21205,14.59992,1,
2083,PETROL RADOVLJICA - GORENJSKA,GORENJSKA CESTA 41A,4240,46.34844567,14.16883456,address,"Gorenjska cesta 41a, 4240 Radovljica",46.34842,14.16885,3,
2084,PETROL KRANJ - STANETA ŽAGARJA 58B,CESTA STANETA ŽAGARJA 58B,4000,46.24334118,14.36914271,address,"Cesta Staneta Žagarja 58b, 4000 Kranj",46.24333,14.36914,1,
2085,PETROL PODKOREN,PODKOREN 1A,4280,46.4896618,13.76471293,address,"Podkoren 1a, 4280 Kranjska Gora",46.48955,13.76469,13,
2086,PETROL NAKLO,KRANJSKA CESTA 4,4202,46.27058563,14.31367281,address,"Kranjska cesta 4, 4202 Naklo",46.27057,14.31367,2,
2087,PETROL MORAVČE,PARTIZANSKA CESTA 18,1251,46.13700902,14.74115067,address,"Partizanska cesta 18, 1251 Moravče",46.13702,14.74111,3,
2088,PETROL LOM AC - ZAHOD,NOTRANJSKA CESTA 75,1370,45.898796,14.254887,address,"Notranjska cesta 75, 1370 Logatec",45.89882,14.25492,4,
2089,PETROL LOM AC - VZHOD,NOTRANJSKA CESTA 77,1370,45.89814,14.256533,address,"Notranjska cesta 77, 1370 Logatec",45.89802,14.25636,19,
2090,PETROL BLAGOVICA,BLAGOVICA 30,1223,46.17650516,14.80743334,address,"Blagovica 30, 1223 Blagovica",46.17651,14.80739,3,
2091,PETROL BOHINJSKA BISTRICA,SAVSKA CESTA 22,4264,46.27794883,13.9514971,address,"Savska cesta 22, 4264 Bohinjska Bistrica",46.27792,13.95154,5,
2092,PETROL TRZIN,LJUBLJANSKA CESTA 50,1236,46.123204,14.553637,address,"Ljubljanska cesta 50, 1236 Trzin",46.12311,14.55326,31,
2093,PETROL BRODE,BRODE 20,4220,46.1379264,14.25352741,address,"Brode 20, 4220 Škofja Loka",46.13792,14.25355,2,
2094,PETROL HRASTNIK,PODKRAJ 77B,1430,46.11937061,15.08074191,address,"Podkraj 77b, 1430 Hrastnik",46.11938,15.08067,6,
2095,PETROL HRUŠICA AC - JUG,SPODNJI PLAVŽ 24A,4270,46.440467,14.026493,address,"Spodnji Plavž 24a, 4270 Jesenice",46.44040,14.02686,29,
2096,PETROL HRUŠICA AC - SEVER,SPODNJI PLAVŽ 24B,4270,46.440937,14.028828,address,"Spodnji Plavž 24b, 4270 Jesenice",46.44100,14.02854,23,
2097,PETROL ROVTE,ROVTE 20C,1373,45.96963904,14.14181044,address,"Rovte 20c, 1373 Rovte",45.98152,14.17154,2650,
2098,PETROL IVANČNA GORICA,VODOTUČINE 14,1295,45.935276,14.804536,address,"Vodotučine 14, 1295 Ivančna Gorica",45.93527,14.80483,23,
2099,PETROL ŠENČUR,POSLOVNA CONA A 1,4208,46.237904,14.411983,address,"Poslovna cona A 1, 4208 Šenčur",46.23789,14.41199,2,
2100,PETROL VOKLO AC - ZAHOD,GASILSKA CESTA 55,4208,46.22788,14.419719,address,"Gasilska cesta 55, 4208 Šenčur",46.22808,14.41961,24,
2101,PETROL VOKLO AC - VZHOD,GASILSKA CESTA 51,4208,46.22679,14.424885,address,"Gasilska cesta 51, 4208 Šenčur",46.22654,14.42506,31,
2102,PETROL TRBOVLJE - VODENSKA,VODENSKA CESTA 1B,1420,46.1372489,15.03407943,address,"Vodenska cesta 1b, 1420 Trbovlje",46.13726,15.03401,5,
2103,PETROL RAŠICA,RAŠICA 40,1315,45.84949633,14.62405548,address,"Rašica 40, 1315 Velike Lašče",45.84951,14.62400,5,
2104,PETROL KRANJSKA GORA,SAVSKO NASELJE 8,4280,46.48650758,13.79815941,address,"Savsko naselje 8, 4280 Kranjska Gora",46.48656,13.79814,6,
2105,PETROL JESENICE - KOROŠKA BELA,CESTA BORISA KIDRIČA 50,4270,46.42262407,14.10274656,address,"Cesta Borisa Kidriča 50, 4270 Jesenice",46.42262,14.10263,9,
2106,PETROL IZLAKE,OBREZIJA 6,1411,46.150311,14.931488,address,"Obrezija 6, 1411 Izlake",46.15042,14.93143,13,
2107,PETROL ČEŠNJICE V TUHINJU,GOLICE 1B,1219,46.219526,14.790614,address,"Golice 1b, 1219 Laze v Tuhinju",46.21944,14.79044,16,
2108,PETROL TRŽIČ - ZAHOD,CESTA STE MARIE AUX MINES 13,4290,46.35378031,14.29244434,address,"Cesta Ste Marie aux Mines 13, 4290 Tržič",46.35375,14.29245,3,
2109,PETROL VRHNIKA - LJUBLJANSKA VZHOD,LJUBLJANSKA CESTA 4,1360,45.96798994,14.299624,address,"Ljubljanska cesta 4, 1360 Vrhnika",45.96803,14.29983,17,
2110,PETROL LITIJA - BRODARSKA,BRODARSKA ULICA 1,1270,46.058657,14.834124,address,"Brodarska ulica 1, 1270 Litija",46.05876,14.83419,13,
2111,PETROL MOSTE PRI KOMENDI,MOSTE 40F,1218,46.19157546,14.55000276,address,"Moste 40f, 1218 Komenda",46.19158,14.54998,2,
2112,PETROL MEDVODE - GORENJSKA 15,GORENJSKA CESTA 15,1215,46.14877179,14.40705025,address,"Gorenjska cesta 15, 1215 Medvode",46.14877,14.40689,12,
2113,PETROL KRANJ - STANETA ŽAGARJA 53B,CESTA STANETA ŽAGARJA 53B,4000,46.24371235,14.36955351,address,"Cesta Staneta Žagarja 53b, 4000 Kranj",46.24370,14.36955,1,
2114,PETROL LESCE,HRAŠKA CESTA 13A,4248,46.36782569,14.15376274,address,"Hraška cesta 13a, 4248 Lesce",46.36780,14.15379,4,
2115,PETROL MEDVODE - GORENJSKA 14,GORENJSKA CESTA 14,1215,46.13700649,14.4167802,address,"Gorenjska cesta 14, 1215 Medvode",46.13726,14.41680,28,
2116,PETROL MEDVODE - GORENJSKA 1,GORENJSKA CESTA 1,1215,46.13675212,14.41630393,address,"Gorenjska cesta 1, 1215 Medvode",46.13675,14.41630,0,
2117,PETROL JESENICE - CESTA ŽELEZARJEV,CESTA ŽELEZARJEV 7B,4270,46.43218809,14.06315786,address,"Cesta železarjev 7b, 4270 Jesenice",46.43215,14.06319,5,
2118,PETROL GABROVKA,KLANEC PRI GABROVKI 12,1274,45.995845,14.976083,address,"Klanec pri Gabrovki 12, 1274 Gabrovka",45.99572,14.97619,16,
2119,PETROL GROSUPLJE,LJUBLJANSKA CESTA 16A,1290,45.958264,14.657955,address,"Ljubljanska cesta 16a, 1290 Grosuplje",45.95803,14.65824,34,
2120,PETROL PODSMREKA AC - SEVER,PODSMREKA PRI VIŠNJI GORI 15,1294,45.947759,14.771093,address,"Podsmreka pri Višnji Gori 15, 1294 Višnja Gora",45.94781,14.77153,34,
2121,PETROL KAMNIK - PEROVO,PEROVO 24,1241,46.20908766,14.60717566,address,"Perovo 24, 1241 Kamnik",46.20909,14.60716,1,
2122,PETROL ŠKOFJA LOKA - KIDRIČEVA JUG,KIDRIČEVA CESTA 8,4220,46.16681875,14.31398429,address,"Kidričeva cesta 8, 4220 Škofja Loka",46.16681,14.31399,1,
2123,PETROL LUKOVICA AC - JUG,KOSESKEGA CESTA 1,1225,46.166803,14.693314,address,"Koseskega cesta 1, 1225 Lukovica",46.16680,14.69329,2,
2124,PETROL BOROVNICA,LJUBLJANSKA CESTA 10,1353,45.92154962,14.3602911,address,"Ljubljanska cesta 10, 1353 Borovnica",45.92160,14.36051,18,
2125,PETROL IG,LJUBLJANSKA CESTA 69,1292,45.96267202,14.53000724,address,"Ljubljanska cesta 69, 1292 Ig",45.96269,14.53001,2,
2126,PETROL KRANJ - STANETA ŽAGARJA 65,CESTA STANETA ŽAGARJA 65,4000,46.241822,14.375238,address,"Cesta Staneta Žagarja 65, 4000 Kranj",46.24187,14.37490,27,
2127,PETROL HORJUL,VRHNIŠKA CESTA 11,1354,46.02135318,14.30128011,address,"Vrhniška cesta 11, 1354 Horjul",46.02136,14.30130,2,
2128,"PETROL LJUBLJANA - ČRNUČE, ŠTAJERSKA",ŠTAJERSKA CESTA 10,1231,46.10584664,14.5451953,address,"Štajerska cesta 10, 1231 Ljubljana - Črnuče",46.10589,14.54522,5,
2129,PETROL LJUBLJANA - LETALIŠKA,LETALIŠKA CESTA 38,1000,46.0615,14.57315,address,"Letališka cesta 38, 1000 Ljubljana",46.06177,14.57306,31,
2130,PETROL LJUBLJANA - ZALOG,ZALOŠKA CESTA 255,1260,46.056932,14.601065,address,"Zaloška cesta 255, 1260 Ljubljana - Polje",46.05701,14.60105,9,
2131,PETROL ŠKOFLJICA - PIJAVA GORICA,KOČEVSKA CESTA 100,1291,45.960092,14.572453,address,"Kočevska cesta 100, 1291 Škofljica",45.96011,14.57245,2,
2132,PETROL LJUBLJANA - LITIJSKA,LITIJSKA CESTA 31,1000,46.048276,14.54137,address,"Litijska cesta 31, 1000 Ljubljana",46.04834,14.54129,9,
2133,PETROL DOMŽALE - KOPALIŠKA,KOPALIŠKA CESTA 11,1230,46.135583,14.606654,address,"Kopališka cesta 11, 1230 Domžale",46.13573,14.60668,16,
2134,PETROL ŽEJE PRI KOMENDI,POD LIPAMI 3,1218,46.19219144,14.52190652,address,"Pod lipami 3, 1218 Komenda",46.19219,14.52189,1,
2135,PETROL LJUBLJANA - KAJUHOVA,KAJUHOVA ULICA 32S,1000,46.061482,14.538136,address,"Kajuhova ulica 32s, 1000 Ljubljana",46.06149,14.53813,1,
2136,PETROL GORENJA VAS,POLJANSKA CESTA 118,4224,46.105122,14.144388,address,"Poljanska cesta 118, 4224 Gorenja vas",46.10519,14.14467,23,
2137,PETROL ŽIRI,JOBSTOVA CESTA 35,4226,46.043743,14.10785,address,"Jobstova cesta 35, 4226 Žiri",46.04375,14.10787,2,
2138,PETROL LJUBLJANA - BARJANSKA CESTA,BARJANSKA CESTA 90,1000,46.031446,14.499955,address,"Barjanska cesta 90, 1000 Ljubljana",46.03148,14.49993,4,
2139,PETROL KRŠKO - CESTA KRŠKIH ŽRTEV,CESTA KRŠKIH ŽRTEV 136A,8270,45.941161,15.484993,address,"Cesta krških žrtev 136a, 8270 Krško",45.94124,15.48477,19,
2140,PETROL SEVNICA,PREŠERNOVA ULICA 9,8290,46.0077338,15.3050164,address,"Prešernova ulica 9, 8290 Sevnica",46.00777,15.30493,8,
2141,PETROL ČATEŽ AC - JUG,RIMSKA CESTA 11,8250,45.891904,15.597607,address,"Rimska cesta 11, 8250 Brežice",45.89196,15.59748,12,
2142,PETROL BIZELJSKO,BIZELJSKA CESTA 70,8259,46.01420273,15.69312736,address,"Bizeljska cesta 70, 8259 Bizeljsko",46.01424,15.69299,11,
2143,PETROL BREŽICE - CESTA SVOBODE,CESTA SVOBODE 1,8250,45.90080568,15.60410967,address,"Cesta svobode 1, 8250 Brežice",45.90086,15.60398,12,
2144,PETROL BOŠTANJ PRI SEVNICI,BOŠTANJ 60A,8294,46.01439267,15.28799203,address,"Boštanj 60a, 8294 Boštanj",46.01443,15.28790,8,
2145,PETROL OTOČEC - JUG,GRAJSKA CESTA 6,8222,45.83957835,15.23583099,address,"Grajska cesta 6, 8222 Otočec",45.83963,15.23575,9,
2146,PETROL ČRNOMELJ - BELOKRANJSKA,BELOKRANJSKA CESTA 1,8340,45.57849993,15.19151321,address,"Belokranjska cesta 1, 8340 Črnomelj",45.57858,15.19145,10,
2147,PETROL TREBNJE - POD GRADOM,CESTA VILME BUKOVEC 2,8210,45.90473997,15.00357364,address,"Cesta Vilme Bukovec 2, 8210 Trebnje",45.90477,15.00352,5,
2148,PETROL NOVO MESTO - SEIDLOVA,SEIDLOVA CESTA 50,8000,45.81283786,15.17472988,address,"Seidlova cesta 50, 8000 Novo mesto",45.81289,15.17466,8,
2149,PETROL BRESTANICA,CESTA PRVIH BORCEV 17,8280,45.995159,15.476035,address,"Cesta prvih borcev 17, 8280 Brestanica",45.99507,15.47587,16,
2150,PETROL VAVTA VAS,VAVTA VAS 1A,8351,45.78222236,15.08335069,address,"Vavta vas 1a, 8351 Straža pri Novem mestu",45.78222,15.08326,7,
2151,PETROL SEMIČ,METLIŠKA CESTA 10,8333,45.65031764,15.18401353,address,"Metliška cesta 10, 8333 Semič",45.65039,15.18394,10,
2152,PETROL ŠENTJERNEJ,PRVOMAJSKA CESTA 10,8310,45.8438361,15.34063504,address,"Prvomajska cesta 10, 8310 Šentjernej",45.84388,15.34058,6,
2153,PETROL DVOR PRI ŽUŽEMBERKU,DVOR 93,8361,45.80627184,14.97033528,address,"Dvor 93, 8361 Dvor",45.80632,14.97029,6,
2154,PETROL VINICA,VINICA 61,8344,45.45963416,15.2553875,address,"Vinica 61, 8344 Vinica",45.45984,15.25535,23,
2155,PETROL METLIKA - CESTA XV BRIGADE JUG,CESTA XV. BRIGADE 35,8330,45.64976238,15.30623221,address,"Cesta XV. brigade 35, 8330 Metlika",45.64984,15.30616,10,
2156,PETROL KRŠKO - CESTA 4. JULIJA,CESTA 4. JULIJA 74,8270,45.95503319,15.4985082,address,"Cesta 4. julija 74, 8270 Krško",45.95508,15.49839,11,
2157,PETROL TRŽIŠČE,TRŽIŠČE 14C,8295,45.96121483,15.19389224,address,"Tržišče 14c, 8295 Tržišče",45.96125,15.19381,7,
2158,PETROL ČRNOMELJ - KOČEVJE,KOČEVJE 22B,8340,45.56606773,15.17772212,address,"Kočevje 22b, 8340 Črnomelj",45.56632,15.17766,28,
2159,PETROL DOBOVA,ULICA BRATOV GERJOVIČEV 24,8257,45.89537811,15.65616953,address,"Ulica bratov Gerjovičev 24, 8257 Dobova",45.89549,15.65572,37,
2160,PETROL ŠKOCJAN,DOLNJA STARA VAS 50,8275,45.89728,15.300093,address,"Dolnja Stara vas 50, 8275 Škocjan",45.89723,15.29991,15,
2161,PETROL METLIKA - CESTA XV BRIGADE SEVER,CESTA XV. BRIGADE 34,8330,45.65043013,15.30556866,address,"Cesta XV. brigade 34, 8330 Metlika",45.65050,15.30573,15,
2162,PETROL OBREŽJE AC - VZHOD,JESENICE 32A,8261,45.85448,15.686297,address,"Jesenice 32a, 8261 Jesenice na Dolenjskem",45.85454,15.68616,13,
2163,PETROL BREŽICE - TOVARNIŠKA,TOVARNIŠKA CESTA 2,8250,45.91870681,15.59341049,address,"Tovarniška cesta 2, 8250 Brežice",45.91876,15.59328,12,
2164,PETROL SLOVENSKE  KONJICE,LIPTOVSKA ULICA 4,3210,46.34170285,15.43100146,address,"Liptovska ulica 4, 3210 Slovenske Konjice",46.34171,15.43088,9,
2165,PETROL VELENJE - ŠALEŠKA,ŠALEŠKA CESTA 9,3320,46.3602501,15.12373353,address,"Šaleška cesta 9, 3320 Velenje",46.36025,15.12365,6,
2166,PETROL VRANSKO,VRANSKO 74A,3305,46.24594145,14.95996662,address,"Vransko 74a, 3305 Vransko",46.24594,14.95994,2,
2167,PETROL CELJE - LJUBLJANSKA,LJUBLJANSKA CESTA 38,3000,46.235056,15.24900341,address,"Ljubljanska cesta 38, 3000 Celje",46.23515,15.24893,12,
2168,PETROL CELJE - HUDINJA,MARIBORSKA CESTA 121,3000,46.247231,15.278929,address,"Mariborska cesta 121, 3000 Celje",46.24732,15.27904,13,
2169,PETROL LJUBNO OB SAVINJI,LOKE 10,3333,46.33779188,14.83876308,address,"Loke 10, 3333 Ljubno ob Savinji",46.33780,14.83877,1,
2170,PETROL MOZIRJE,NA TRGU 55,3330,46.34033444,14.96889829,address,"Na trgu 55, 3330 Mozirje",46.34033,14.96882,6,
2171,PETROL VOJNIK,CELJSKA CESTA 35A,3212,46.28580502,15.30428269,address,"Celjska cesta 35a, 3212 Vojnik",46.28570,15.30427,12,
2172,PETROL VELENJE - CELJSKA ZAHOD,CELJSKA CESTA 2,3320,46.35625568,15.11475697,address,"Celjska cesta 2, 3320 Velenje",46.35625,15.11466,7,
2173,PETROL ŠENTRUPERT,ŠENTRUPERT 6B,3303,46.250078,15.075261,address,"Šentrupert 6b, 3303 Gomilsko",46.25010,15.07535,7,
2174,PETROL PODČETRTEK,ZDRAVILIŠKA CESTA 27,3254,46.15162206,15.59945055,address,"Zdraviliška cesta 27, 3254 Podčetrtek",46.15166,15.59964,15,
2175,PETROL TEPANJE AC - ZAHOD,SPODNJE GRUŠOVJE 10C,3210,46.348824,15.487582,address,"Spodnje Grušovje 10c, 3210 Slovenske Konjice",46.34887,15.48722,28,
2176,PETROL TEPANJE AC - VZHOD,SPODNJE GRUŠOVJE 10B,3210,46.347484,15.48757,address,"Spodnje Grušovje 10b, 3210 Slovenske Konjice",46.34735,15.48747,17,
2177,PETROL VITANJE,DOLIŠKA CESTA 24,3205,46.38539537,15.29788765,address,"Doliška cesta 24, 3205 Vitanje",46.38539,15.29778,8,
2178,PETROL CELJE - KIDRIČEVA JUG,KIDRIČEVA ULICA 28,3000,46.23481437,15.28266525,address,"Kidričeva ulica 28, 3000 Celje",46.23484,15.28274,6,
2179,PETROL KOZJE,KOZJE 23,3260,46.07309408,15.55856381,address,"Kozje 23, 3260 Kozje",46.07300,15.55876,18,
2180,PETROL CELJE - POLULE,CESTA V LAŠKO 4A,3000,46.21772911,15.26310535,address,"Cesta v Laško 4a, 3000 Celje",46.21774,15.26300,8,
2181,PETROL ZREČE,KOVAŠKA CESTA 29A,3214,46.37183166,15.39050014,address,"Kovaška cesta 29a, 3214 Zreče",46.37186,15.39035,12,
2182,PETROL BISTRICA OB SOTLI,HRASTJE OB BISTRICI 1A,3256,46.0620292,15.6554536,address,"Hrastje ob Bistrici 1a, 3256 Bistrica ob Sotli",46.06206,15.65532,11,
2183,PETROL PONIKVA,PONIKVA 36A,3232,46.25437076,15.44383892,address,"Ponikva 36a, 3232 Ponikva",46.25438,15.44371,10,
2184,PETROL SOLČAVA,SOLČAVA 12A,3335,46.419206,14.69457786,address,"Solčava 12a, 3335 Solčava",46.41919,14.69453,4,
2185,PETROL PLANINA,PLANINA PRI SEVNICI 65H,3225,46.09842192,15.39765344,address,"Planina pri Sevnici 65h, 3225 Planina pri Sevnici",46.10119,15.41108,1080,
2186,PETROL ROGAŠKA SLATINA,SPODNJE NEGONJE 27A,3250,46.25266116,15.61686431,address,"Spodnje Negonje 27a, 3250 Rogaška Slatina",46.25267,15.61671,12,
2187,PETROL ŠEMPETER V SAVINJSKI DOLINI,RIMSKA CESTA 106,3311,46.25830238,15.11406404,address,"Rimska cesta 106, 3311 Šempeter v Savinjski dolini",46.25830,15.11398,6,
2188,PETROL LAŠKO,CELJSKA CESTA 40,3270,46.16731495,15.2329947,address,"Celjska cesta 40, 3270 Laško",46.16723,15.23284,15,
2189,PETROL GORNJI GRAD,SPODNJI TRG 34,3342,46.29907149,14.81925704,address,"Spodnji trg 34, 3342 Gornji Grad",46.29906,14.81920,5,
2190,PETROL CELJE - LANOVŽ,IPAVČEVA ULICA 19,3000,46.23718054,15.25657342,address,"Ipavčeva ulica 19, 3000 Celje",46.23719,15.25647,8,
2191,PETROL ŠOŠTANJ,AŠKERČEVA CESTA 7,3325,46.37530944,15.04892524,address,"Aškerčeva cesta 7, 3325 Šoštanj",46.37530,15.04884,7,
2192,PETROL RADEČE,ULICA MILANA MAJCNA 40,1433,46.06279673,15.18155904,address,"Ulica Milana Majcna 40, 1433 Radeče",46.05950,15.18724,571,
2193,PETROL VELENJE - CELJSKA VZHOD,CELJSKA CESTA 53,3320,46.350795,15.13198,address,"Celjska cesta 53, 3320 Velenje",46.35091,15.13184,17,
2194,PETROL VELENJE - PARTIZANSKA,PARTIZANSKA CESTA 6,3320,46.35917056,15.10632852,address,"Partizanska cesta 6, 3320 Velenje",46.35917,15.10623,8,
2195,PETROL ŠMARJE PRI JELŠAH,ROGAŠKA CESTA 48,3240,46.23164686,15.52842878,address,"Rogaška cesta 48, 3240 Šmarje pri Jelšah",46.23170,15.52858,13,
2196,PETROL ROGATEC,CELJSKA CESTA 43,3252,46.226069,15.693021,address,"Celjska cesta 43, 3252 Rogatec",46.22599,15.69281,18,
2197,PETROL ŽALEC,GOTOVELJSKA CESTA 10,3310,46.256248,15.156901,address,"Gotoveljska cesta 10, 3310 Žalec",46.25619,15.15687,7,
2198,PETROL PODPLAT,PODPLAT 9,3241,46.244853,15.575872,address,"Podplat 9, 3241 Podplat",46.24489,15.57565,18,
2199,PETROL CELJE - MARIBORSKA,MARIBORSKA CESTA 21,3000,46.235447,15.270271,address,"Mariborska cesta 21, 3000 Celje",46.23546,15.27017,8,
2200,PETROL CELJE - KIDRIČEVA SEVER,KIDRIČEVA ULICA 21,3000,46.23557589,15.27676905,address,"Kidričeva ulica 21, 3000 Celje",46.23558,15.27666,8,
2201,PETROL ZALOKE AC - JUG,ZALOKE 16,8274,45.908304,15.400616,address,"Zaloke 16, 8274 Raka",45.90819,15.39993,55,
2202,PETROL ZALOKE AC - SEVER,ZALOKE 15,8274,45.909601,15.400316,address,"Zaloke 15, 8274 Raka",45.90965,15.40021,10,
2203,PETROL LOČE,SLOMŠKOVA ULICA 6,3215,46.30051455,15.50179414,address,"Slomškova ulica 6, 3215 Loče",46.30064,15.50179,14,
2204,PETROL CELJE - CITY CENTER,BEŽIGRAJSKA CESTA 1,3000,46.24034,15.278699,address,"Bežigrajska cesta 1, 3000 Celje",46.24043,15.27845,22,
2205,PETROL NAZARJE,SAVINJSKA CESTA 11,3331,46.322491,14.950163,address,"Savinjska cesta 11, 3331 Nazarje",46.32252,14.95008,7,
2206,PETROL DRAVOGRAD,MARIBORSKA CESTA 50,2370,46.59116716,15.02966432,address,"Mariborska cesta 50, 2370 Dravograd",46.59113,15.02957,8,
2207,PETROL RAVNE NA KOROŠKEM,KOROŠKA CESTA 4A,2390,46.54726828,14.96495101,address,"Koroška cesta 4a, 2390 Ravne na Koroškem",46.54711,14.96445,42,
2208,PETROL ŽERJAV,ŽERJAV 3A,2393,46.48491258,14.86992734,address,"Žerjav 3a, 2393 Črna na Koroškem",46.48494,14.86994,3,
2209,PETROL SLOVENJ GRADEC - FRANCETOVA,FRANCETOVA CESTA 21,2380,46.51479276,15.08272833,address,"Francetova cesta 21, 2380 Slovenj Gradec",46.51477,15.08264,7,
2210,PETROL PREVALJE,PERZONALI 49,2391,46.54278188,14.90387241,address,"Perzonali 49, 2391 Prevalje",46.54275,14.90380,7,
2211,PETROL MISLINJA,ŠENTLENART 18,2382,46.44319582,15.19195307,address,"Šentlenart 18, 2382 Mislinja",46.44319,15.19185,8,
2212,PETROL MUTA,KOROŠKA CESTA 18,2366,46.60459809,15.1642458,address,"Koroška cesta 18, 2366 Muta",46.60457,15.16415,8,
2213,PETROL OTIŠKI VRH,OTIŠKI VRH 25C,2373,46.572637,15.025052,address,"Otiški Vrh 25c, 2373 Šentjanž pri Dravogradu",46.57267,15.02513,7,
2214,PETROL SLOVENJ GRADEC - RONKOVA SEVER,RONKOVA ULICA 2,2380,46.50629441,15.08829225,address,"Ronkova ulica 2, 2380 Slovenj Gradec",46.50627,15.08820,8,
2215,PETROL SLOVENJ GRADEC - RONKOVA JUG,RONKOVA ULICA 25,2380,46.504186,15.090699,address,"Ronkova ulica 25, 2380 Slovenj Gradec",46.50417,15.09061,7,
2216,PETROL LOPATA AC - SEVER,LOPATA 81,3000,46.262458,15.222118,address,"Lopata 81, 3000 Celje",46.26241,15.22222,9,
2217,PETROL ŠTORE,OBRTNIŠKA CESTA 2,3220,46.224064,15.312733,address,"Obrtniška cesta 2, 3220 Štore",46.22401,15.31249,20,
2218,PETROL ŠENTJUR,CESTA KOZJANSKEGA ODREDA 21A,3230,46.21307795,15.40036462,address,"Cesta Kozjanskega odreda 21a, 3230 Šentjur",46.21309,15.40025,9,
2219,PETROL DOBRNA,PRISTOVA 21,3204,46.32717529,15.22104794,address,"Pristova 21, 3204 Dobrna",46.32717,15.22094,8,
2220,PETROL KOČEVJE - LJUBLJANSKA ZAHOD,LJUBLJANSKA CESTA 69A,1330,45.64870304,14.85374303,address,"Ljubljanska cesta 69a, 1330 Kočevje",45.64877,14.85372,8,
2221,PETROL ŽLEBIČ,BREŽE 1B,1310,45.76220176,14.70303872,address,"Breže 1b, 1310 Ribnica",45.76225,14.70302,6,
2222,PETROL KOČEVJE - LJUBLJANSKA VZHOD,LJUBLJANSKA CESTA 44,1330,45.64954924,14.85397187,address,"Ljubljanska cesta 44, 1330 Kočevje",45.64963,14.85401,9,
2223,PETROL PETRINA,PETRINA 10,1336,45.46509102,14.8550985,address,"Petrina 10, 1336 Kostel",45.46514,14.85516,7,
2224,PETROL LOŠKI POTOK,MALI LOG 2B,1318,45.717099,14.58622,address,"Mali Log 2b, 1318 Loški Potok",45.71703,14.58603,17,
2225,PETROL NOVO MESTO - TOPLIŠKA,TOPLIŠKA CESTA 9,8000,45.79863637,15.15095997,address,"Topliška cesta 9, 8000 Novo mesto",45.79869,15.15090,8,
2226,BS KOSTANJEVICA NA KRKI,KRŠKA CESTA 10,8311,45.85248233,15.42354624,address,"Krška cesta 10, 8311 Kostanjevica na Krki",45.85240,15.42348,10,
2227,PETROL NOVO MESTO - BRŠLJIN,LJUBLJANSKA CESTA 28A,8000,45.81628712,15.1547285,address,"Ljubljanska cesta 28a, 8000 Novo mesto",45.81634,15.15466,8,
2228,PETROL NOVO MESTO - ŽABJA VAS,BELOKRANJSKA CESTA 3,8000,45.797682,15.181242,address,"Belokranjska cesta 3, 8000 Novo mesto",45.79774,15.18117,9,
2229,PETROL STARINE AC - JUG,ZAGRAD PRI OTOČCU 111,8222,45.841312,15.217206,address,"Zagrad pri Otočcu 111, 8222 Otočec",45.84114,15.21734,22,
2230,PETROL STARINE AC - SEVER,ZAGRAD PRI OTOČCU 110,8222,45.841967,15.216726,address,"Zagrad pri Otočcu 110, 8222 Otočec",45.84209,15.21659,17,
2231,PETROL DUL AC - JUG,DOLENJI PODBORŠT PRI TREB. 50,8210,45.898858,15.026398,address,"Dolenji Podboršt pri Treb. 50, 8210 Trebnje",45.89877,15.02608,26,
2232,PETROL PODLEHNIK AC - ZAHOD,DEŽNO PRI PODLEHNIKU 2,2286,46.329098,15.878359,address,"Dežno pri Podlehniku 2, 2286 Podlehnik",46.32886,15.87827,27,
2233,PETROL MENGEŠ - KAMNIŠKA,KAMNIŠKA CESTA 60,1234,46.172911,14.577254,address,"Kamniška cesta 60, 1234 Mengeš",46.17310,14.57715,22,
2234,BS MOL TEZNO,Ptujska cesta 56,2000,46.537696,15.655975,address,"Ptujska cesta 56, 2000 Maribor",46.53748,15.65618,29,
2235,BS MOL KRANJ,Ulica Boštjana Hladnika 4,4000,46.230565,14.369373,address,"Cesta Boštjana Hladnika 4, 4000 Kranj",46.23060,14.36938,4,
2236,BS MOL PTUJ ORMOŠKA,Ormoška cesta 32,2250,46.41600383,15.88503332,address,"Ormoška cesta 32, 2250 Ptuj",46.41551,15.88496,55,
2237,BS MAXEN TRŽIČ,Cesta Ste Marie aux Mines bš,4290,46.3583296,14.2978288,reverse,"Cesta Ste Marie aux Mines 32, 4290 Tržič",46.35848,14.29742,36,missing house number
2238,BS MAXEN KOPER,Ulica 15. maja bš,6000,45.5371584,13.7323296,reverse,"Ulica 15.maja / Via XV maggio 12e, 6000 Koper - Capodistria",45.53727,13.73236,13,missing house number
2239,BS MAXEN NIZKA,Nizka bš,3332,46.3157792,14.9116624,reverse,"Nizka 21, 3332 Rečica ob Savinji",46.31557,14.91248,67,missing house number
2240,BS MAXEN GORNJA RADGONA,Ljutomerska cesta bš,9250,46.6636544,16.0091968,reverse,"Ljutomerska cesta 29b, 9250 Gornja Radgona",46.66395,16.00940,36,missing house number
2241,BS MAXEN BENEDIKT,Radgonska cesta bš,2234,46.6088,15.893144,reverse,"Industrijska cesta 1, 2234 Benedikt",46.60849,15.89338,39,missing house number
2242,BS MAXEN ČRNOMELJ,Ulica heroja Stariha bš,8340,45.5729152,15.1853056,reverse,"Ulica heroja Stariha 25, 8340 Črnomelj",45.57295,15.18564,26,missing house number
2243,BS MAXEN GRAD,Grad bš,9264,46.7978208,16.0886368,reverse,"Grad 190h, 9264 Grad",46.79778,16.08869,6,missing house number
2244,BS MAXEN DOLNJI LAKOŠ,Glavna ulica bš,9220,46.5525523,16.430912,reverse,"Glavna ulica / Fő utca 97, 9220 Lendava - Lendva",46.55263,16.43146,43,missing house number
2245,BS MAXEN SELNICA OB DRAVI,Spodnja Selnica bš,2352,46.5546048,15.5078896,reverse,"Zgornja Selnica 5a, 2352 Selnica ob Dravi",46.55501,15.50772,47,missing house number
2246,BS MAXEN LJUBLJANA-BTC,Argentinska ulica bš,1000,46.0665824,14.5488544,reverse,"Moskovska ulica 10, 1000 Ljubljana",46.06550,14.54808,134,missing house number
2247,BS MAXEN METLIKA,Mestni log bš,8330,45.6406592,15.3216016,reverse,"Mestni log 8, 8330 Metlika",45.64068,15.32199,30,missing house number
2248,BS MAXEN PREDGRAD,Paka pri Predgradu bš,8342,45.5025792,15.0603264,reverse,"Paka pri Predgradu 5, 8342 Stari trg ob Kolpi",45.50280,15.05944,73,missing house number
2249,BS MAXEN MEŽICA,Mariborska cesta bš,2392,46.5236096,14.8536976,reverse,"Mariborska cesta 1, 2392 Mežica",46.52417,14.85386,64,missing house number
2250,BS MAXEN KOČEVJE,Mrtvice bš,1332,45.6768128,14.827288,reverse,"Mrtvice 10, 1332 Stara Cerkev",45.67692,14.82794,52,missing house number
2251,BS MAXEN ŽUŽEMBERK,Grajski trg bš,8360,45.8333056,14.9274912,reverse,"Jurčičeva ulica 1, 8360 Žužemberk",45.83304,14.92807,54,missing house number
2252,BS MAXEN VELENJE,Črnova bš,3320,46.347808,15.1495248,reverse,"Črnova 33b, 3320 Velenje",46.34751,15.14950,33,missing house number
2253,BS MAXEN LOGATEC,Tržaška cesta bš,1370,45.9388,14.2365616,reverse,"Pod lipami 11, 1370 Logatec",45.93900,14.23667,24,missing house number
2254,BS MAXEN RIBNICA,Gorenjska cesta bš,1310,45.7490272,14.7190224,reverse,"Gorenjska cesta 76, 1310 Ribnica",45.74846,14.71863,70,missing house number
2255,BS MAXEN NOVO MESTO,Mirnopeška cesta bš,8000,45.8202208,15.1490384,reverse,"Livada 1a, 8000 Novo mesto",45.81922,15.14914,112,missing house number
2256,BS MAXEN KRANJ,Cesta Staneta Žagarja bš,4000,46.24224,14.3774704,reverse,"Cesta Staneta Žagarja 69, 4000 Kranj",46.24259,14.37851,89,missing house number
2257,BS MAXEN AJDOVŠČINA,Vipavska cesta bš,5270,45.8809344,13.9107888,reverse,"Vipavska cesta 6, 5270 Ajdovščina",45.88146,13.91133,72,missing house number
2258,SHELL KOPER,SERMIN 7C,6000,45.552486,13.762092,address,"Sermin / Sermin 7c, 6000 Koper - Capodistria",45.55249,13.76209,0,
2259,SHELL AJDOVŠČINA,MIRCE 20,5270,45.883317,13.891954,address,"Mirce 20, 5270 Ajdovščina",45.88364,13.89157,47,
2260,SHELL SEŽANA,PARTIZANSKA CESTA 79,6210,45.703002,13.850927,address,"Partizanska cesta 79, 6210 Sežana",45.70253,13.84893,164,
2261,SHELL VRTOJBA,IC POLJE,5290,45.921155,13.634505,reverse,"Polje 12, 5290 Šempeter pri Gorici",45.92099,13.63513,52,missing house number
2262,SHELL BIČ,BIČ 11,8213,45.924703,14.889676,address,"Bič 11, 8213 Veliki Gaber",45.92551,14.88662,253,
2263,SHELL ŠENČUR,POSLOVNA CONA 12A,4208,46.245779,14.410096,reverse,"Partizanska ulica 44, 4208 Šenčur",46.24578,14.41281,209,address not found
2264,SHELL JESENICE,SPODNJI PLAVZ 6B,4270,46.444186,14.026966,address,"Spodnji Plavž 6b, 4270 Jesenice",46.44417,14.03006,237,
2265,SHELL TRUCK CENTER MARIBOR FRAM,TURNEJEVA ULICA 35,2313,46.449892,15.651698,reverse,"Turnerjeva ulica 35, 2313 Fram",46.44998,15.65334,126,address not found
2266,SHELL FRAM MARIBOR RETAIL,TURNEJEVA ULICA 35,2313,46.449892,15.651698,reverse,"Turnerjeva ulica 35, 2313 Fram",46.44998,15.65334,126,address not found
2267,EKO-NAFTA d.o.o.,"Trimlini 65A, 9220 Lendava - Lendva",9220,46.5429019,16.4429144,address,"Trimlini / Hármasmalom 65a, 9220 Lendava - Lendva",46.54289,16.44294,2,
2268,BS Pesniška vrata,Pesnica pri Mariboru 32e,2211,46.601243,15.674333,address,"Pesnica pri Mariboru 32e, 2211 Pesnica pri Mariboru",46.60117,15.67463,24,
2269,Butan plin - črpalka avtoplina v Ljubljani,Verovškova ulica 70,1000,46.080815,14.501862,address,"Verovškova ulica 70, 1000 Ljubljana",46.08119,14.50219,49,
2270,Butan plin - črpalka avtoplina v Izoli,Polje 6a,6310,45.537987,13.670166,address,"Polje / Polje 6a, 6310 Izola - Isola",45.53778,13.67062,42,
2271,BS MOL MARIBOR STUDENCI,Ulica heroja Šercerja 60,2000,46.548645,15.620617,address,"Ulica heroja Šercerja 60, 2000 Maribor",46.54905,15.62070,45,
2272,PETROL BLED - SELIŠKA,SELIŠKA CESTA 4C,4260,46.370163,14.116395,address,"Seliška cesta 4c, 4260 Bled",46.37017,14.11633,5,
2273,ECO OIL MARIBOR,ZAGREBŠKA CESTA 24,2000,46.534411,15.6574563,address,"Zagrebška cesta 24, 2000 Maribor",46.53438,15.65723,18,
2274,ECO OIL LJUBLJANA,CELOVŠKA CESTA 206,1000,46.1044913,14.4534852,address,"Celovška cesta 206, 1000 Ljubljana",46.07979,14.48137,3488,
2275,ECO OIL TURNIŠČE,ULICA ŠTEFANA KOVAČA,9224,46.6209381,16.3199527,reverse,"Ulica Štefana Kovača 43, 9224 Turnišče",46.62096,16.31984,9,missing house number
2276,ECO OIL SEŽANA,PARTIZANSKA CESTA,6210,45.7047532,13.855647,reverse,"Partizanska cesta 73b, 6210 Sežana",45.70429,13.85573,52,missing house number
2283,BS MOL ŠALOVCI,Šalovci 168,9204,46.821993,16.278851,address,"Šalovci 168, 9204 Šalovci",46.82196,16.28035,114,
2284,BS MOL HOTIZA,Ložič 1,9220,46.551502,16.344579,address,"Ložič 1, 9220 Lendava - Lendva",46.55125,16.34434,33,
2285,BS MOL LENART,Kraigherjeva ulica 19,2230,46.579295,15.834392,address,"Kraigherjeva ulica 19, 2230 Lenart v Slov. goricah",46.57906,15.83441,26,
2286,BS MOL RADLJE OB DRAVI,Mariborska cesta 60,2360,46.612815,15.232126,address,"Mariborska cesta 60, 2360 Radlje ob Dravi",46.61278,15.23193,15,
2287,BS MOL LAŠKO,Celjska cesta 2,3270,46.162431,15.23171,address,"Celjska cesta 2, 3270 Laško",46.16229,15.23170,16,
2288,BS MOL PAY&GO TRŽIČ,Cesta Ste Marie aux mines 7,4290,46.358642,14.298618,address,"Cesta Ste Marie aux Mines 7, 4290 Tržič",46.35830,14.29861,38,
2289,BS MOL PAY&GO KRANJ,Šuceva ulica 23 a,4000,46.246355,14.378,address,"Šuceva ulica 23a, 4000 Kranj",46.24583,14.37792,59,
2290,BS MOL PAY&GO MEDVODE,Gorenjska cesta 12,1215,46.136526,14.417849,address,"Gorenjska cesta 12, 1215 Medvode",46.13578,14.41778,83,
2291,BS MOL PAY&GO LJUBLJANA TOPLARNIŠKA,Toplarniška ulica 4,1000,46.056904,14.541465,address,"Toplarniška ulica 4, 1000 Ljubljana",46.05640,14.54148,56,
2292,BS MOL PAY&GO LJUBLJANA TRŽAŠKA,Tržaška 429,1000,46.027435,14.4353,address,"Tržaška cesta 429, 1000 Ljubljana",46.02726,14.43520,21,
2293,BS MOL PAY&GO IVANČNA GORICA,Cesta 2. grupe odredov 4,1295,45.936326,14.805261,address,"Cesta 2. grupe odredov 4, 1295 Ivančna Gorica",45.93624,14.80500,22,
2294,BS MOL PAY&GO POSTOJNA,Industrijska cesta 4,6230,45.769831,14.197979,address,"Industrijska cesta 4, 6230 Postojna",45.76944,14.19753,56,
2295,BS MOL PAY&GO ILIRSKA BISTRICA,Vilharjeva cesta 58,6250,45.576279,14.23011,address,"Vilharjeva cesta 58, 6250 Ilirska Bistrica",45.57625,14.22915,75,
2296,DISCONT OiL - BS Maribor,Tržaška cesta 35,2000,46.529195,15.646512,address,"Tržaška cesta 35, 2000 Maribor",46.53027,15.64656,120,
2297,Agas Maribor,Perhavčeva ulica 15,2000,46.525107,15.667885,address,"Perhavčeva ulica 15, 2000 Maribor",46.52510,15.66789,1,
2299,Agas Slovenska Bistrica,Žolgarjeva ulica 25,2310,46.385204,15.576529,reverse,"Ulica Ivana Žolgerja 27, 2310 Slovenska Bistrica",46.38510,15.57674,20,address not found
2302,LOGO BENCINSKI SERVISI d.o.o. PE BREZOVICA,Tržaška cesta 358,1351,46.026026,14.4284534,address,"Tržaška cesta 358, 1351 Brezovica pri Ljubljani",46.02601,14.42824,17,
2303,Bencinski servis Tupaliče,Tupaliče 35a,4205,46.2955877,14.4297645,address,"Tupaliče 35a, 4205 Preddvor",46.29559,14.42990,10,
2304,Bencinski servis Velika Pirešica,Velika Pirešica 60,3310,46.28633117675781,15.176063537597656,address,"Velika Pirešica 60, 3310 Žalec",46.27688,15.18685,1338,
2305,Bencinski servis Škofja Loka,Grenc 57,4220,46.1730598,14.3212867,address,"Grenc 57, 4220 Škofja Loka",46.17312,14.32114,13,
2306,Bencinski servis Stella,Juršinci 81a,2256,46.4832476,15.965107,address,"Juršinci 81a, 2256 Juršinci",46.48328,15.96514,4,
2307,Bencinski servis Sodražica,cesta Notranjskega odreda 56,1317,45.76375961303711,14.63137435913086,address,"Cesta Notranjskega odreda 56, 1317 Sodražica",45.76585,14.62834,331,
2308,Tankomat Grosuplje,Ljubljanska cesta 66,1290,45.96573257446289,14.659423828125,address,"Ljubljanska cesta 66, 1290 Grosuplje",45.96831,14.66071,303,
2309,Tankomat Sežana,Cesta na Lenivec 32,6210,45.7087287902832,13.8604755401611,address,"Cesta na Lenivec 32, 6210 Sežana",45.70954,13.85854,175,
2310,Tankomat Jesenice,Cesta železarjev 8,4270,46.43106460571289,14.07077407836914,address,"Cesta železarjev 8, 4270 Jesenice",46.43148,14.06484,457,
2311,BS Merkantil KNEŽAK,KNEŽAK 3,6253,45.625625,14.239867,address,"Knežak 3, 6253 Knežak",45.62546,14.23985,18,
2312,HOJNIK Oil BS Leskovec,Leskovec 15,3000,46.259264,15.310556,reverse,"Zadobrova 59, 3211 Škofja vas",46.25977,15.30940,105,address not found
2313,West Oil BS Zavrč,Zavrč 8c,2283,46.3896077,16.05135585,address,"Zavrč 8c, 2283 Zavrč",46.38964,16.05137,4,
2314,BS DEMOL,Mislinjska Dobrava 49,2383,46.459512,15.137156,address,"Mislinjska Dobrava 49, 2383 Šmartno pri Slovenj Gradcu",46.45938,15.13702,18,
2315,Bencinski servis STRANICE,Osredek 33,3214,46.36054099833075,15.385325730057207,reverse,"Osredek pri Zrečah 33, 3214 Zreče",46.36033,15.38496,37,address not found
2316,BS Žihlava,Žihlava 15,9244,46.55,16.0396,address,"Žihlava 15, 9244 Sveti Jurij ob Ščavnici",46.55009,16.03959,10,
2317,BS Lemerje,Lemerje 2,9201,46.7094,16.1102,address,"Lemerje 2, 9201 Puconci",46.70930,16.10992,24,
2318,PRUNK OIL,Mednarodni prehod 1a,5290,45.9207599,13.6284418,address,"Mednarodni prehod 1a, 5290 Šempeter pri Gorici",45.92049,13.62827,33,
2319,EKSTRA OLJE,Limbuška cesta 2,2341,46.559416,15.597476,address,"Limbuška cesta 2, 2341 Limbuš",46.55931,15.59768,20,
2320,URMA D.O.O.,DEKANI 076 E,6271,1E-15,-1E-15,address,"Dekani 76e, 6271 Dekani",45.54799,13.81858,5259131,
2321,Mi oskrba d.o.o.,Hrašče 4c,6230,45.77353972485529,14.16884039205976,address,"Hrašče 4c, 6230 Postojna",45.77354,14.16938,42,
2322,BENCINSKI SERVIS KOVAČIČ,Grm 12,8210,45.89790647835315,15.052119626875369,address,"Grm 12, 8210 Trebnje",45.89788,15.05221,8,
2323,BS MOL KOPER LUKA,Vojkovo nabrežje 38,6000,45.55757,13.75353,address,"Vojkovo nabrežje / Riva Janko Premrl-Vojko 38, 6000 Koper - Capodistria",45.54882,13.73840,1528,
2324,LOGO BENCINSKI SERVIS d.o.o.,Ljubljanska cesta 62,1290,45.96802,14.66103,address,"Ljubljanska cesta 62, 1290 Grosuplje",45.96802,14.66102,1,
2325,"Avtočrpalka Kozina, INA Slovenija",Kolodvorska ulica 18,6240,45.600152572030176,13.932618123578347,address,"Kolodvorska ulica 18, 6240 Kozina",45.59992,13.93291,34,
2326,Ka olje d.o.o.,ŠKOJELOŠKA CESTA 16,1217,46.1845316,14.47429,reverse,"Torovo 3, 1217 Vodice",46.18387,14.47250,156,address not found
2327,DISCONT OiL - BS Bezena,Bezena 99,2342,46.5499175582367,15.538353293954877,address,"Bezena 99, 2342 Ruše",46.54974,15.53798,35,
2328,Tankomat Jesenice,Cesta Železarjev 8,4270,46.43106460571289,14.07077407836914,address,"Cesta železarjev 8, 4270 Jesenice",46.43148,14.06484,457,
2329,,Sermin 8A,6000,45.552372,13.766288,address,"Sermin / Sermin 8a, 6000 Koper - Capodistria",45.55288,13.76454,147,
2330,,Plinarniška 1,3000,46.24061,15.2898,address,"Plinarniška ulica 1, 3000 Celje",46.24052,15.28928,41,
2331,ECO OIL FRAM,TURNERJEVA ULICA,2313,46.451048,15.65166,reverse,"Turnerjeva ulica 39, 2313 Fram",46.45196,15.65232,113,missing house number
2332,BS MOL RAVNE,Dobja vas 18b,2390,46.544943013174425,14.939777713626901,address,"Dobja vas 18b, 2390 Ravne na Koroškem",46.54478,14.93955,25,
2333,ENERGETSKI CENTER DOLENJSKE,zwittrova ulica B.H.,8000,45.80982474643234,15.160023593134378,reverse,"Zwittrova ulica 3, 8000 Novo mesto",45.80974,15.15925,61,missing house number
2334,SHELL ROGAŠKA SLATINA,Tržišče 12 b,3250,46.308,15.5665,address,"Tržišče 12b, 3250 Rogaška Slatina",46.23066,15.65563,10995,
2335,SHELL ŠMARJE PRI JELŠAH,Celjska cesta 55,3240,46.22878,15.504,address,"Celjska cesta 55, 3240 Šmarje pri Jelšah",46.22866,15.50418,19,
2336,SHELL MIKLAVŽ,Ptujska cesta 135,2204,46.53067,15.67062,address,"Ptujska cesta 135, 2204 Miklavž na Dravskem polju",46.49656,15.71370,5025,
2337,SHELL LITIJA,Ljubljanska cesta 10 B,1270,46.057722042151795,14.82292837241754,address,"Ljubljanska cesta 10b, 1270 Litija",46.05717,14.82280,62,
2338,SHELL MURSKA SOBOTA Lendavska,Lendavska ulica 75,9000,46.667481,16.176773,address,"Lendavska ulica 75, 9000 Murska Sobota",46.66762,16.17680,16,
2339,SHELL ŽALEC,Mala Pirešica 22,3301,46.266973,15.189107,address,"Mala Pirešica 22, 3301 Petrovče",46.26702,15.18932,17,
2340,SHELL KOZINA,Bazoviška cesta 18,6240,45.60911603335073,13.93361083463169,address,"Bazoviška cesta 18, 6240 Kozina",45.60906,13.93365,7,
2341,SHELL LJUTOMER,Kolodvorska ulica 2A,9240,46.52613423254767,16.193609363823846,address,"Kolodvorska ulica 2a, 9240 Ljutomer",46.52602,16.19345,18,
2342,SHELL SENOŽETI,"Senožeti 93, 1262 Senožeti",,46.088862059954124,14.716871893530739,address,"Senožeti 93, 1262 Dol pri Ljubljani",46.08869,14.71678,20,
2343,SHELL NOVO MESTO,"Mirnopeška 4, 8000 Novo Mesto",8000,45.821327325964894,15.150560521690572,address,"Mirnopeška cesta 4, 8000 Novo mesto",45.82120,15.15047,16,
2344,SHELL ARCLIN,"3211 Arclin – Škofja Vas, Arclin 101",3211,46.27879929325074,15.300271376669105,address,"Arclin 101, 3211 Škofja vas",46.27864,15.30024,18,
2345,SHELL DRNOVO,"Velika Vas pri Krškem 69, 8273 Drnovo",8273,45.92022102331869,15.47376189244999,address,"Velika vas pri Krškem 69, 8273 Leskovec pri Krškem",45.92014,15.47378,9,
2346,SHELL CELJE MARIBORSKA,Mariborska 128,3000,46.24423316065561,15.278462363239953,address,"Mariborska cesta 128, 3000 Celje",46.24351,15.27909,94,
2347,SHELL PRESTRANEK,Reška cesta 18B,6258,45.728174292934355,14.187886149162168,address,"Reška cesta 18b, 6258 Prestranek",45.72807,14.18786,12,
2348,SHELL MURSKA SOBOTA Bakovska,Bakovska 31 A,9000,46.64580322249098,16.16815983270674,address,"Bakovska ulica 31a, 9000 Murska Sobota",46.64420,16.16711,195,
2349,SHELL SEZANA,Partizanska cesta 69A,6210,45.70519088779502,13.861015699133779,address,"Partizanska cesta 69a, 6210 Sežana",45.70510,13.86153,41,
2350,SHELL KOPER SEMEDELA,Istrska cesta 53,6000,45.5389688698564,13.728621313111132,address,"Istrska cesta / Strada dell'Istria 53, 6000 Koper - Capodistria",45.53902,13.72849,12,
2351,SHELL CELJE KIDRIČEVA,Kidričeva ulica 40,3000,46.234018307787046,15.296215827340855,address,"Kidričeva ulica 40, 3000 Celje",46.23404,15.29627,5,
2352,SHELL KOPER BERTOKI,Cesta med vinogradi 52,6000,45.55542689115159,13.78089458948286,address,"Cesta med vinogradi / Strada fra i Vigneti 52, 6000 Koper - Capodistria",45.55540,13.78089,3,
2353,SHELL KOCEVJE RESKA,Reška cesta 25a,1330,45.63286356949685,14.864140348800042,address,"Reška cesta 25a, 1330 Kočevje",45.63277,14.86408,11,
2354,SHELL CELJE AERO,Dečkova cesta 39,3000,46.24061678625168,15.256515119602888,address,"Dečkova cesta 39, 3000 Celje",46.24043,15.25667,24,
2355,SHELL POSTOJNA TRŽAŠKA,Tržaška cesta 60b,6230,45.772716370874754,14.200187856694102,address,"Tržaška cesta 60b, 6230 Postojna",45.77259,14.19991,26,
2356,SHELL BENEDIKT,Radgonska cesta 15,2234,46.61058906474378,15.89398684995135,address,"Radgonska cesta 15, 2234 Benedikt",46.61042,15.89389,20,
2357,SHELL TEPANJE,Tepanje 4b,3210,46.34088409645317,15.469610360423939,address,"Tepanje 4b, 3210 Slovenske Konjice",46.34079,15.46957,11,
2358,SHELL BREZOVICA,Tržaška cesta 565,1351,46.02261874034981,14.407761204034685,address,"Tržaška cesta 565, 1351 Brezovica pri Ljubljani",46.02251,14.40776,12,
2359,SHELL MARIBOR V,Maribor Ptujska 2,2000,46.522438503045684,15.679910715884338,reverse,"Ptujska cesta 225, 2000 Maribor",46.52254,15.67965,23,address not found
2360,SHELL LOKEV,Lokev 1a,6219,45.66133077329971,13.919418145832134,address,"Lokev 1a, 6219 Lokev",45.66133,13.91942,0,
2361,SHELL KOMENDA,Potok pri Komendi 8,1218,46.20581146877878,14.523937545251142,address,"Potok pri Komendi 8, 1218 Komenda",46.20575,14.52395,7,
2362,SHELL MARIBOR PTUJSKA ZAHOD,Ptujska cesta 104,2000,46.535127602458296,15.661573380820581,address,"Ptujska cesta 104, 2000 Maribor",46.53485,15.66166,32,
2363,SHELL TRBOVLJE,Vodenska cesta 28 A,1420,46.14297981487424,15.036054161327268,address,"Vodenska cesta 28a, 1420 Trbovlje",46.14297,15.03620,11,
2364,SHELL IZOLA SEVER,Prešernova cesta 2a,6310,45.53789717461961,13.66872067047427,address,"Prešernova cesta / Strada France Prešeren 2a, 6310 Izola - Isola",45.53774,13.66824,41,
2365,SHELL MARIBOR BOHOVA,Tržaška cesta 83,2000,46.51807271424088,15.651544379912487,address,"Tržaška cesta 83, 2000 Maribor",46.51809,15.65132,17,
2366,SHELL GEDEROVCI,Gederovci 17a,,46.679179385276846,16.056043959027516,address,"Gederovci 17a, 9251 Tišina",46.67913,16.05605,6,
2367,SHELL KOČEVJE,Gornje Ložine 1A,1332,45.68934644998123,14.799691221318923,address,"Gornje Ložine 1a, 1332 Stara Cerkev",45.68864,14.80087,121,
2368,SHELL SLOVENSKE KONJICE,Liptovska cesta 32B,2310,46.34011896303725,15.418721900923186,address,"Liptovska ulica 32b, 3210 Slovenske Konjice",46.34011,15.41850,17,
2369,SHELL LUCIJA VZHOD,Vinjole 29b,6320,45.50086689761921,13.610492852317408,address,"Vinjole / Vignole 29b, 6320 Portorož - Portorose",45.50069,13.61044,20,
2370,SHELL STOJNCI,Stojnci 24,2281,46.38048175449777,15.972530744906699,address,"Stojnci 24, 2281 Markovci",46.38038,15.97258,12,
2371,SHELL AJŠEVICA,Loke 40,5000,45.953170561531195,13.691872647114305,address,"Loke 40, 5000 Nova Gorica",45.95319,13.69178,7,
2372,SHELL ZG. POLSKAVA,Bukovec 1b,2314,46.43088480445796,15.627126931204163,address,"Bukovec 1b, 2314 Zgornja Polskava",46.43078,15.62703,14,
2373,BS MOL MURSKA SOBOTA Lendavska,Lendavska 60d,9000,46.66673,16.17698,address,"Lendavska ulica 60d, 9000 Murska Sobota",46.66672,16.17698,1,
2374,BS MOL LJUTOMER,Kolodvorska 7a,9240,46.5289,16.19006,address,"Kolodvorska ulica 7a, 9240 Ljutomer",46.52882,16.19015,11,
2378,PETROL ARNOVSKI GOZD,MALA PIREŠICA 23,3301,46.26910159,15.18931474,address,"Mala Pirešica 23, 3301 Petrovče",46.26656,15.18988,286,
